месяц;регион;канал;новые_счета;закрытые_счета;активные_счета_на_конец_месяца;средний_остаток_тыс_руб
2024-07;Центральный;Мобильное приложение;619;117;3922;206,6
2024-07;Центральный;Отделение;554;85;3529;314,4
2024-07;Центральный;Сайт банка;273;58;1655;171,6
2024-07;Центральный;Партнёрская сеть;200;121;1159;94,3
2024-07;Северо-Западный;Мобильное приложение;363;60;2423;201,3
2024-07;Северо-Западный;Отделение;347;47;2197;317,1
2024-07;Северо-Западный;Сайт банка;162;32;1022;186,0
2024-07;Северо-Западный;Партнёрская сеть;130;76;723;99,0
2024-07;Южный;Мобильное приложение;321;63;1899;206,0
2024-07;Южный;Отделение;264;38;1694;339,7
2024-07;Южный;Сайт банка;134;27;798;181,8
2024-07;Южный;Партнёрская сеть;103;72;549;89,4
2024-07;Уральский;Мобильное приложение;309;60;2130;194,2
2024-07;Уральский;Отделение;282;44;1921;356,6
2024-07;Уральский;Сайт банка;151;31;912;183,8
2024-07;Уральский;Партнёрская сеть;111;62;643;95,6
2024-07;Сибирский;Мобильное приложение;305;48;2001;203,3
2024-07;Сибирский;Отделение;305;42;1823;336,6
2024-07;Сибирский;Сайт банка;124;27;831;188,5
2024-07;Сибирский;Партнёрская сеть;95;65;580;87,9
2024-08;Центральный;Мобильное приложение;663;123;4462;217,1
2024-08;Центральный;Отделение;534;80;3983;355,0
2024-08;Центральный;Сайт банка;272;55;1872;178,8
2024-08;Центральный;Партнёрская сеть;189;118;1230;87,9
2024-08;Северо-Западный;Мобильное приложение;365;70;2718;195,0
2024-08;Северо-Западный;Отделение;373;46;2524;366,8
2024-08;Северо-Западный;Сайт банка;161;30;1153;190,8
2024-08;Северо-Западный;Партнёрская сеть;135;94;764;89,0
2024-08;Южный;Мобильное приложение;290;49;2140;222,2
2024-08;Южный;Отделение;278;40;1932;341,2
2024-08;Южный;Сайт банка;124;30;892;185,3
2024-08;Южный;Партнёрская сеть;107;74;582;88,5
2024-08;Уральский;Мобильное приложение;355;57;2428;210,2
2024-08;Уральский;Отделение;283;34;2170;314,3
2024-08;Уральский;Сайт банка;136;31;1017;169,5
2024-08;Уральский;Партнёрская сеть;113;73;683;91,4
2024-08;Сибирский;Мобильное приложение;308;62;2247;221,4
2024-08;Сибирский;Отделение;307;45;2085;344,3
2024-08;Сибирский;Сайт банка;125;23;933;190,7
2024-08;Сибирский;Партнёрская сеть;93;55;618;98,4
2024-09;Центральный;Мобильное приложение;668;114;5016;218,5
2024-09;Центральный;Отделение;617;90;4510;320,4
2024-09;Центральный;Сайт банка;294;60;2106;194,5
2024-09;Центральный;Партнёрская сеть;210;128;1312;99,8
2024-09;Северо-Западный;Мобильное приложение;417;81;3054;219,9
2024-09;Северо-Западный;Отделение;322;44;2802;343,1
2024-09;Северо-Западный;Сайт банка;161;34;1280;181,6
2024-09;Северо-Западный;Партнёрская сеть;140;93;811;99,6
2024-09;Южный;Мобильное приложение;318;53;2405;210,4
2024-09;Южный;Отделение;287;40;2179;337,8
2024-09;Южный;Сайт банка;127;28;991;181,2
2024-09;Южный;Партнёрская сеть;104;75;611;97,8
2024-09;Уральский;Мобильное приложение;379;69;2738;226,7
2024-09;Уральский;Отделение;322;51;2441;356,2
2024-09;Уральский;Сайт банка;157;32;1142;194,3
2024-09;Уральский;Партнёрская сеть;119;76;726;97,7
2024-09;Сибирский;Мобильное приложение;366;60;2553;204,1
2024-09;Сибирский;Отделение;278;40;2323;361,3
2024-09;Сибирский;Сайт банка;125;26;1032;184,1
2024-09;Сибирский;Партнёрская сеть;103;67;654;94,0
2024-10;Центральный;Мобильное приложение;764;139;5641;215,6
2024-10;Центральный;Отделение;601;77;5034;318,0
2024-10;Центральный;Сайт банка;282;57;2331;189,4
2024-10;Центральный;Партнёрская сеть;205;140;1377;98,9
2024-10;Северо-Западный;Мобильное приложение;401;75;3380;209,8
2024-10;Северо-Западный;Отделение;349;50;3101;369,1
2024-10;Северо-Западный;Сайт банка;170;36;1414;193,4
2024-10;Северо-Западный;Партнёрская сеть;121;73;859;90,8
2024-10;Южный;Мобильное приложение;352;64;2693;226,6
2024-10;Южный;Отделение;300;41;2438;352,4
2024-10;Южный;Сайт банка;126;23;1094;172,4
2024-10;Южный;Партнёрская сеть;110;66;655;101,3
2024-10;Уральский;Мобильное приложение;386;71;3053;196,6
2024-10;Уральский;Отделение;313;50;2704;371,1
2024-10;Уральский;Сайт банка;150;34;1258;182,5
2024-10;Уральский;Партнёрская сеть;109;62;773;90,7
2024-10;Сибирский;Мобильное приложение;341;52;2842;198,7
2024-10;Сибирский;Отделение;270;36;2557;344,8
2024-10;Сибирский;Сайт банка;132;28;1136;170,5
2024-10;Сибирский;Партнёрская сеть;103;72;685;98,0
2024-11;Центральный;Мобильное приложение;721;110;6252;199,6
2024-11;Центральный;Отделение;637;92;5579;332,7
2024-11;Центральный;Сайт банка;255;54;2532;175,8
2024-11;Центральный;Партнёрская сеть;228;138;1467;91,4
2024-11;Северо-Западный;Мобильное приложение;410;71;3719;217,4
2024-11;Северо-Западный;Отделение;344;54;3391;322,4
2024-11;Северо-Западный;Сайт банка;164;37;1541;171,5
2024-11;Северо-Западный;Партнёрская сеть;145;105;899;90,7
2024-11;Южный;Мобильное приложение;353;68;2978;200,4
2024-11;Южный;Отделение;257;31;2664;336,1
2024-11;Южный;Сайт банка;119;28;1185;188,6
2024-11;Южный;Партнёрская сеть;109;80;684;98,5
2024-11;Уральский;Мобильное приложение;361;61;3353;215,9
2024-11;Уральский;Отделение;315;38;2981;319,1
2024-11;Уральский;Сайт банка;151;28;1381;178,2
2024-11;Уральский;Партнёрская сеть;116;82;807;92,5
2024-11;Сибирский;Мобильное приложение;383;62;3163;224,1
2024-11;Сибирский;Отделение;278;34;2801;339,5
2024-11;Сибирский;Сайт банка;146;35;1247;175,5
2024-11;Сибирский;Партнёрская сеть;105;70;720;90,8
2024-12;Центральный;Мобильное приложение;730;139;6843;204,2
2024-12;Центральный;Отделение;561;69;6071;323,6
2024-12;Центральный;Сайт банка;255;53;2734;188,9
2024-12;Центральный;Партнёрская сеть;223;148;1542;97,7
2024-12;Северо-Западный;Мобильное приложение;461;92;4088;211,1
2024-12;Северо-Западный;Отделение;333;43;3681;341,4
2024-12;Северо-Западный;Сайт банка;172;33;1680;180,3
2024-12;Северо-Западный;Партнёрская сеть;144;107;936;101,3
2024-12;Южный;Мобильное приложение;335;55;3258;223,3
2024-12;Южный;Отделение;281;41;2904;328,1
2024-12;Южный;Сайт банка;136;27;1294;190,8
2024-12;Южный;Партнёрская сеть;107;68;723;89,3
2024-12;Уральский;Мобильное приложение;420;84;3689;230,3
2024-12;Уральский;Отделение;293;36;3238;336,4
2024-12;Уральский;Сайт банка;146;34;1493;170,6
2024-12;Уральский;Партнёрская сеть;125;86;846;93,9
2024-12;Сибирский;Мобильное приложение;374;60;3477;226,1
2024-12;Сибирский;Отделение;272;34;3039;347,5
2024-12;Сибирский;Сайт банка;152;29;1370;171,5
2024-12;Сибирский;Партнёрская сеть;110;67;763;93,8
2025-01;Центральный;Мобильное приложение;845;141;7547;221,9
2025-01;Центральный;Отделение;589;83;6577;328,6
2025-01;Центральный;Сайт банка;256;58;2932;187,3
2025-01;Центральный;Партнёрская сеть;245;164;1623;98,3
2025-01;Северо-Западный;Мобильное приложение;510;84;4514;228,1
2025-01;Северо-Западный;Отделение;389;57;4013;373,4
2025-01;Северо-Западный;Сайт банка;190;41;1829;196,2
2025-01;Северо-Западный;Партнёрская сеть;146;94;988;92,5
2025-01;Южный;Мобильное приложение;401;78;3581;219,1
2025-01;Южный;Отделение;269;42;3131;332,7
2025-01;Южный;Сайт банка;125;31;1388;170,0
2025-01;Южный;Партнёрская сеть;120;89;754;99,9
2025-01;Уральский;Мобильное приложение;436;86;4039;223,3
2025-01;Уральский;Отделение;326;43;3521;324,7
2025-01;Уральский;Сайт банка;151;34;1610;198,2
2025-01;Уральский;Партнёрская сеть;134;89;891;99,2
2025-01;Сибирский;Мобильное приложение;426;73;3830;220,8
2025-01;Сибирский;Отделение;312;45;3306;366,5
2025-01;Сибирский;Сайт банка;136;29;1477;172,2
2025-01;Сибирский;Партнёрская сеть;125;79;809;97,7
2025-02;Центральный;Мобильное приложение;757;147;8157;205,5
2025-02;Центральный;Отделение;561;89;7049;335,5
2025-02;Центральный;Сайт банка;287;62;3157;180,5
2025-02;Центральный;Партнёрская сеть;226;137;1712;94,8
2025-02;Северо-Западный;Мобильное приложение;485;90;4909;216,4
2025-02;Северо-Западный;Отделение;365;43;4335;331,0
2025-02;Северо-Западный;Сайт банка;193;39;1983;173,6
2025-02;Северо-Западный;Партнёрская сеть;142;95;1035;94,7
2025-02;Южный;Мобильное приложение;405;63;3923;220,1
2025-02;Южный;Отделение;261;33;3359;375,0
2025-02;Южный;Сайт банка;140;32;1496;172,8
2025-02;Южный;Партнёрская сеть;120;87;787;104,6
2025-02;Уральский;Мобильное приложение;404;79;4364;227,2
2025-02;Уральский;Отделение;295;44;3772;363,3
2025-02;Уральский;Сайт банка;164;34;1740;196,9
2025-02;Уральский;Партнёрская сеть;140;91;940;94,8
2025-02;Сибирский;Мобильное приложение;382;62;4150;210,6
2025-02;Сибирский;Отделение;329;52;3583;328,0
2025-02;Сибирский;Сайт банка;142;32;1587;191,5
2025-02;Сибирский;Партнёрская сеть;121;91;839;98,2
2025-03;Центральный;Мобильное приложение;835;130;8862;219,1
2025-03;Центральный;Отделение;583;73;7559;354,2
2025-03;Центральный;Сайт банка;302;60;3399;182,0
2025-03;Центральный;Партнёрская сеть;235;177;1770;99,2
2025-03;Северо-Западный;Мобильное приложение;562;102;5369;208,2
2025-03;Северо-Западный;Отделение;395;62;4668;341,4
2025-03;Северо-Западный;Сайт банка;194;45;2132;196,3
2025-03;Северо-Западный;Партнёрская сеть;168;112;1091;104,7
2025-03;Южный;Мобильное приложение;391;67;4247;208,2
2025-03;Южный;Отделение;298;43;3614;365,7
2025-03;Южный;Сайт банка;125;30;1591;182,4
2025-03;Южный;Партнёрская сеть;115;85;817;100,5
2025-03;Уральский;Мобильное приложение;409;75;4698;205,4
2025-03;Уральский;Отделение;342;53;4061;331,3
2025-03;Уральский;Сайт банка;171;35;1876;171,8
2025-03;Уральский;Партнёрская сеть;136;96;980;100,6
2025-03;Сибирский;Мобильное приложение;398;63;4485;202,7
2025-03;Сибирский;Отделение;291;39;3835;378,9
2025-03;Сибирский;Сайт банка;131;29;1689;183,8
2025-03;Сибирский;Партнёрская сеть;138;107;870;101,6
2025-04;Центральный;Мобильное приложение;855;168;9549;201,5
2025-04;Центральный;Отделение;576;83;8052;358,6
2025-04;Центральный;Сайт банка;272;56;3615;192,0
2025-04;Центральный;Партнёрская сеть;272;193;1849;91,7
2025-04;Северо-Западный;Мобильное приложение;536;90;5815;215,1
2025-04;Северо-Западный;Отделение;387;49;5006;369,3
2025-04;Северо-Западный;Сайт банка;191;36;2287;185,2
2025-04;Северо-Западный;Партнёрская сеть;142;96;1137;105,0
2025-04;Южный;Мобильное приложение;418;69;4596;232,2
2025-04;Южный;Отделение;303;42;3875;325,9
2025-04;Южный;Сайт банка;140;32;1699;198,6
2025-04;Южный;Партнёрская сеть;111;92;836;93,7
2025-04;Уральский;Мобильное приложение;461;86;5073;219,9
2025-04;Уральский;Отделение;334;42;4353;342,4
2025-04;Уральский;Сайт банка;156;34;1998;182,5
2025-04;Уральский;Партнёрская сеть;131;95;1016;100,3
2025-04;Сибирский;Мобильное приложение;399;63;4821;222,7
2025-04;Сибирский;Отделение;299;36;4098;331,3
2025-04;Сибирский;Сайт банка;140;27;1802;173,4
2025-04;Сибирский;Партнёрская сеть;117;77;910;94,1
2025-05;Центральный;Мобильное приложение;956;164;10341;224,2
2025-05;Центральный;Отделение;604;72;8584;343,6
2025-05;Центральный;Сайт банка;303;61;3857;200,8
2025-05;Центральный;Партнёрская сеть;266;226;1889;91,2
2025-05;Северо-Западный;Мобильное приложение;571;111;6275;215,1
2025-05;Северо-Западный;Отделение;337;48;5295;336,1
2025-05;Северо-Западный;Сайт банка;172;35;2424;200,3
2025-05;Северо-Западный;Партнёрская сеть;157;112;1182;103,0
2025-05;Южный;Мобильное приложение;407;65;4938;232,1
2025-05;Южный;Отделение;284;36;4123;341,9
2025-05;Южный;Сайт банка;139;27;1811;195,4
2025-05;Южный;Партнёрская сеть;135;115;856;106,5
2025-05;Уральский;Мобильное приложение;499;89;5483;234,3
2025-05;Уральский;Отделение;301;40;4614;363,0
2025-05;Уральский;Сайт банка;169;38;2129;184,8
2025-05;Уральский;Партнёрская сеть;130;103;1043;92,2
2025-05;Сибирский;Мобильное приложение;456;92;5185;234,4
2025-05;Сибирский;Отделение;315;46;4367;349,2
2025-05;Сибирский;Сайт банка;154;29;1927;191,5
2025-05;Сибирский;Партнёрская сеть;121;80;951;106,9
2025-06;Центральный;Мобильное приложение;968;193;11116;228,7
2025-06;Центральный;Отделение;667;88;9163;330,0
2025-06;Центральный;Сайт банка;321;71;4107;186,2
2025-06;Центральный;Партнёрская сеть;272;219;1942;97,2
2025-06;Северо-Западный;Мобильное приложение;509;99;6685;225,0
2025-06;Северо-Западный;Отделение;379;58;5616;354,7
2025-06;Северо-Западный;Сайт банка;171;35;2560;183,3
2025-06;Северо-Западный;Партнёрская сеть;178;126;1234;93,7
2025-06;Южный;Мобильное приложение;443;90;5291;234,1
2025-06;Южный;Отделение;271;38;4356;339,5
2025-06;Южный;Сайт банка;143;33;1921;183,9
2025-06;Южный;Партнёрская сеть;125;93;888;95,4
2025-06;Уральский;Мобильное приложение;467;76;5874;203,9
2025-06;Уральский;Отделение;321;42;4893;342,0
2025-06;Уральский;Сайт банка;172;34;2267;197,6
2025-06;Уральский;Партнёрская сеть;154;106;1091;101,1
2025-06;Сибирский;Мобильное приложение;491;98;5578;218,9
2025-06;Сибирский;Отделение;312;46;4633;381,7
2025-06;Сибирский;Сайт банка;156;36;2047;192,1
2025-06;Сибирский;Партнёрская сеть;135;104;982;106,2
2025-07;Центральный;Мобильное приложение;877;180;11813;203,8
2025-07;Центральный;Отделение;665;95;9733;358,5
2025-07;Центральный;Сайт банка;314;60;4361;191,6
2025-07;Центральный;Партнёрская сеть;288;215;2015;103,3
2025-07;Северо-Западный;Мобильное приложение;620;111;7194;210,4
2025-07;Северо-Западный;Отделение;359;47;5928;380,0
2025-07;Северо-Западный;Сайт банка;200;39;2721;191,3
2025-07;Северо-Западный;Партнёрская сеть;167;111;1290;104,7
2025-07;Южный;Мобильное приложение;419;69;5641;218,3
2025-07;Южный;Отделение;313;47;4622;335,2
2025-07;Южный;Сайт банка;128;30;2019;181,6
2025-07;Южный;Партнёрская сеть;126;108;906;97,8
2025-07;Уральский;Мобильное приложение;543;94;6323;207,3
2025-07;Уральский;Отделение;362;45;5210;367,8
2025-07;Уральский;Сайт банка;171;39;2399;198,6
2025-07;Уральский;Партнёрская сеть;142;109;1124;94,5
2025-07;Сибирский;Мобильное приложение;459;76;5961;221,5
2025-07;Сибирский;Отделение;312;48;4897;366,5
2025-07;Сибирский;Сайт банка;144;32;2159;197,3
2025-07;Сибирский;Партнёрская сеть;134;108;1008;107,5
2025-08;Центральный;Мобильное приложение;959;180;12592;226,3
2025-08;Центральный;Отделение;552;74;10211;348,5
2025-08;Центральный;Сайт банка;315;60;4616;189,2
2025-08;Центральный;Партнёрская сеть;285;231;2069;93,8
2025-08;Северо-Западный;Мобильное приложение;592;115;7671;215,7
2025-08;Северо-Западный;Отделение;362;51;6239;363,1
2025-08;Северо-Западный;Сайт банка;179;37;2863;188,8
2025-08;Северо-Западный;Партнёрская сеть;189;128;1351;100,5
2025-08;Южный;Мобильное приложение;420;78;5983;234,3
2025-08;Южный;Отделение;290;42;4870;370,2
2025-08;Южный;Сайт банка;145;34;2130;175,0
2025-08;Южный;Партнёрская сеть;140;104;942;107,5
2025-08;Уральский;Мобильное приложение;548;85;6786;235,6
2025-08;Уральский;Отделение;339;40;5509;337,5
2025-08;Уральский;Сайт банка;147;32;2514;178,3
2025-08;Уральский;Партнёрская сеть;162;133;1153;98,0
2025-08;Сибирский;Мобильное приложение;504;101;6364;208,9
2025-08;Сибирский;Отделение;326;43;5180;361,6
2025-08;Сибирский;Сайт банка;139;27;2271;195,1
2025-08;Сибирский;Партнёрская сеть;140;116;1032;99,3
2025-09;Центральный;Мобильное приложение;1027;162;13457;240,6
2025-09;Центральный;Отделение;592;92;10711;374,4
2025-09;Центральный;Сайт банка;304;67;4853;197,6
2025-09;Центральный;Партнёрская сеть;278;196;2151;100,6
2025-09;Северо-Западный;Мобильное приложение;641;106;8206;205,4
2025-09;Северо-Западный;Отделение;358;54;6543;370,8
2025-09;Северо-Западный;Сайт банка;166;31;2998;196,8
2025-09;Северо-Западный;Партнёрская сеть;194;168;1377;104,2
2025-09;Южный;Мобильное приложение;497;77;6403;228,1
2025-09;Южный;Отделение;316;46;5140;337,9
2025-09;Южный;Сайт банка;133;26;2237;193,0
2025-09;Южный;Партнёрская сеть;128;107;963;107,9
2025-09;Уральский;Мобильное приложение;578;96;7268;236,3
2025-09;Уральский;Отделение;333;40;5802;347,4
2025-09;Уральский;Сайт банка;165;38;2641;180,2
2025-09;Уральский;Партнёрская сеть;168;153;1168;95,5
2025-09;Сибирский;Мобильное приложение;508;100;6772;231,0
2025-09;Сибирский;Отделение;304;39;5445;361,0
2025-09;Сибирский;Сайт банка;164;33;2402;185,1
2025-09;Сибирский;Партнёрская сеть;153;125;1060;104,5
2025-10;Центральный;Мобильное приложение;1009;156;14310;217,3
2025-10;Центральный;Отделение;611;79;11243;354,4
2025-10;Центральный;Сайт банка;276;68;5061;201,4
2025-10;Центральный;Партнёрская сеть;283;211;2223;107,9
2025-10;Северо-Западный;Мобильное приложение;582;103;8685;239,4
2025-10;Северо-Западный;Отделение;409;62;6890;337,8
2025-10;Северо-Западный;Сайт банка;197;44;3151;184,8
2025-10;Северо-Западный;Партнёрская сеть;201;183;1395;94,1
2025-10;Южный;Мобильное приложение;507;99;6811;229,3
2025-10;Южный;Отделение;285;41;5384;334,3
2025-10;Южный;Сайт банка;132;27;2342;181,8
2025-10;Южный;Партнёрская сеть;148;128;983;105,6
2025-10;Уральский;Мобильное приложение;552;97;7723;218,9
2025-10;Уральский;Отделение;337;42;6097;339,0
2025-10;Уральский;Сайт банка;159;35;2765;201,3
2025-10;Уральский;Партнёрская сеть;162;145;1185;103,1
2025-10;Сибирский;Мобильное приложение;536;85;7223;237,6
2025-10;Сибирский;Отделение;329;42;5732;356,7
2025-10;Сибирский;Сайт банка;150;31;2521;204,6
2025-10;Сибирский;Партнёрская сеть;136;116;1080;107,0
2025-11;Центральный;Мобильное приложение;1014;197;15127;223,0
2025-11;Центральный;Отделение;623;86;11780;379,0
2025-11;Центральный;Сайт банка;323;79;5305;203,2
2025-11;Центральный;Партнёрская сеть;285;260;2248;109,6
2025-11;Северо-Западный;Мобильное приложение;694;114;9265;228,8
2025-11;Северо-Западный;Отделение;351;54;7187;381,3
2025-11;Северо-Западный;Сайт банка;183;43;3291;204,3
2025-11;Северо-Западный;Партнёрская сеть;185;139;1441;109,1
2025-11;Южный;Мобильное приложение;493;99;7205;239,8
2025-11;Южный;Отделение;324;47;5661;375,9
2025-11;Южный;Сайт банка;150;35;2457;192,5
2025-11;Южный;Партнёрская сеть;139;123;999;96,6
2025-11;Уральский;Мобильное приложение;609;95;8237;213,9
2025-11;Уральский;Отделение;341;43;6395;377,0
2025-11;Уральский;Сайт банка;178;37;2906;190,0
2025-11;Уральский;Партнёрская сеть;177;163;1199;96,1
2025-11;Сибирский;Мобильное приложение;529;85;7667;219,9
2025-11;Сибирский;Отделение;284;38;5978;360,7
2025-11;Сибирский;Сайт банка;153;31;2643;194,6
2025-11;Сибирский;Партнёрская сеть;142;118;1104;106,2
2025-12;Центральный;Мобильное приложение;1072;165;16034;233,7
2025-12;Центральный;Отделение;585;76;12289;353,6
2025-12;Центральный;Сайт банка;293;67;5531;204,2
2025-12;Центральный;Партнёрская сеть;304;242;2310;105,8
2025-12;Северо-Западный;Мобильное приложение;710;122;9853;213,8
2025-12;Северо-Западный;Отделение;372;51;7508;375,9
2025-12;Северо-Западный;Сайт банка;192;40;3443;184,1
2025-12;Северо-Западный;Партнёрская сеть;197;145;1493;100,6
2025-12;Южный;Мобильное приложение;480;76;7609;236,4
2025-12;Южный;Отделение;318;48;5931;379,3
2025-12;Южный;Сайт банка;139;27;2569;185,6
2025-12;Южный;Партнёрская сеть;148;126;1021;107,2
2025-12;Уральский;Мобильное приложение;614;126;8725;208,5
2025-12;Уральский;Отделение;333;52;6676;357,5
2025-12;Уральский;Сайт банка;168;34;3040;205,9
2025-12;Уральский;Партнёрская сеть;159;114;1244;106,1
2025-12;Сибирский;Мобильное приложение;519;94;8092;239,3
2025-12;Сибирский;Отделение;341;45;6274;385,0
2025-12;Сибирский;Сайт банка;167;41;2769;202,3
2025-12;Сибирский;Партнёрская сеть;168;157;1115;103,0
2026-01;Центральный;Мобильное приложение;1199;218;17015;210,6
2026-01;Центральный;Отделение;669;97;12861;377,2
2026-01;Центральный;Сайт банка;326;64;5793;184,6
2026-01;Центральный;Партнёрская сеть;329;266;2373;105,9
2026-01;Северо-Западный;Мобильное приложение;760;127;10486;230,0
2026-01;Северо-Западный;Отделение;372;50;7830;349,4
2026-01;Северо-Западный;Сайт банка;180;38;3585;198,1
2026-01;Северо-Западный;Партнёрская сеть;200;185;1508;108,2
2026-01;Южный;Мобильное приложение;496;91;8014;219,5
2026-01;Южный;Отделение;272;37;6166;351,8
2026-01;Южный;Сайт банка;147;31;2685;181,9
2026-01;Южный;Партнёрская сеть;165;160;1026;106,3
2026-01;Уральский;Мобильное приложение;573;117;9181;216,5
2026-01;Уральский;Отделение;317;50;6943;381,3
2026-01;Уральский;Сайт банка;169;34;3175;198,3
2026-01;Уральский;Партнёрская сеть;176;146;1274;102,1
2026-01;Сибирский;Мобильное приложение;547;90;8549;223,7
2026-01;Сибирский;Отделение;306;46;6534;379,2
2026-01;Сибирский;Сайт банка;169;36;2902;188,4
2026-01;Сибирский;Партнёрская сеть;170;162;1123;109,6
2026-02;Центральный;Мобильное приложение;1197;208;18004;217,0
2026-02;Центральный;Отделение;602;92;13371;395,1
2026-02;Центральный;Сайт банка;302;65;6030;188,6
2026-02;Центральный;Партнёрская сеть;329;317;2385;106,9
2026-02;Северо-Западный;Мобильное приложение;753;148;11091;241,8
2026-02;Северо-Западный;Отделение;418;66;8182;395,6
2026-02;Северо-Западный;Сайт банка;192;48;3729;206,1
2026-02;Северо-Западный;Партнёрская сеть;200;156;1552;102,7
2026-02;Южный;Мобильное приложение;597;105;8506;216,2
2026-02;Южный;Отделение;297;37;6426;394,7
2026-02;Южный;Сайт банка;142;27;2800;183,1
2026-02;Южный;Партнёрская сеть;159;140;1045;109,2
2026-02;Уральский;Мобильное приложение;591;112;9660;212,4
2026-02;Уральский;Отделение;336;53;7226;375,3
2026-02;Уральский;Сайт банка;165;34;3306;202,1
2026-02;Уральский;Партнёрская сеть;187;139;1322;101,8
2026-02;Сибирский;Мобильное приложение;595;121;9023;232,7
2026-02;Сибирский;Отделение;284;36;6782;358,5
2026-02;Сибирский;Сайт банка;149;36;3015;181,1
2026-02;Сибирский;Партнёрская сеть;165;163;1125;105,7
2026-03;Центральный;Мобильное приложение;1207;221;18990;227,8
2026-03;Центральный;Отделение;632;75;13928;392,3
2026-03;Центральный;Сайт банка;292;68;6254;208,9
2026-03;Центральный;Партнёрская сеть;361;298;2448;99,9
2026-03;Северо-Западный;Мобильное приложение;687;118;11660;237,1
2026-03;Северо-Западный;Отделение;408;57;8533;368,5
2026-03;Северо-Западный;Сайт банка;173;35;3867;184,6
2026-03;Северо-Западный;Партнёрская сеть;216;212;1556;96,4
2026-03;Южный;Мобильное приложение;529;83;8952;236,7
2026-03;Южный;Отделение;324;52;6698;359,1
2026-03;Южный;Сайт банка;159;35;2924;184,5
2026-03;Южный;Партнёрская сеть;155;148;1052;103,8
2026-03;Уральский;Мобильное приложение;610;115;10155;224,2
2026-03;Уральский;Отделение;333;51;7508;351,9
2026-03;Уральский;Сайт банка;166;33;3439;197,7
2026-03;Уральский;Партнёрская сеть;196;155;1363;96,3
2026-03;Сибирский;Мобильное приложение;581;90;9514;238,8
2026-03;Сибирский;Отделение;315;44;7053;379,5
2026-03;Сибирский;Сайт банка;163;31;3147;206,1
2026-03;Сибирский;Партнёрская сеть;186;147;1164;102,1
2026-04;Центральный;Мобильное приложение;1299;231;20058;241,2
2026-04;Центральный;Отделение;674;95;14507;384,3
2026-04;Центральный;Сайт банка;299;64;6489;180,9
2026-04;Центральный;Партнёрская сеть;372;288;2532;106,6
2026-04;Северо-Западный;Мобильное приложение;788;159;12289;229,7
2026-04;Северо-Западный;Отделение;360;55;8838;392,7
2026-04;Северо-Западный;Сайт банка;189;35;4021;207,4
2026-04;Северо-Западный;Партнёрская сеть;221;197;1580;101,8
2026-04;Южный;Мобильное приложение;629;101;9480;225,6
2026-04;Южный;Отделение;270;35;6933;389,8
2026-04;Южный;Сайт банка;154;35;3043;184,2
2026-04;Южный;Партнёрская сеть;154;126;1080;111,8
2026-04;Уральский;Мобильное приложение;698;118;10735;240,0
2026-04;Уральский;Отделение;357;47;7818;371,3
2026-04;Уральский;Сайт банка;183;37;3585;191,5
2026-04;Уральский;Партнёрская сеть;194;157;1400;98,2
2026-04;Сибирский;Мобильное приложение;573;105;9982;211,1
2026-04;Сибирский;Отделение;331;44;7340;384,0
2026-04;Сибирский;Сайт банка;150;37;3260;198,0
2026-04;Сибирский;Партнёрская сеть;181;159;1186;104,4
2026-05;Центральный;Мобильное приложение;1289;239;21108;231,3
2026-05;Центральный;Отделение;670;104;15073;346,2
2026-05;Центральный;Сайт банка;281;65;6705;188,4
2026-05;Центральный;Партнёрская сеть;350;292;2590;104,7
2026-05;Северо-Западный;Мобильное приложение;780;123;12946;227,0
2026-05;Северо-Западный;Отделение;373;46;9165;378,7
2026-05;Северо-Западный;Сайт банка;199;48;4172;205,4
2026-05;Северо-Западный;Партнёрская сеть;220;222;1578;108,1
2026-05;Южный;Мобильное приложение;631;122;9989;243,3
2026-05;Южный;Отделение;319;38;7214;345,5
2026-05;Южный;Сайт банка;158;29;3172;195,4
2026-05;Южный;Партнёрская сеть;166;171;1075;103,7
2026-05;Уральский;Мобильное приложение;616;119;11232;218,8
2026-05;Уральский;Отделение;355;54;8119;378,9
2026-05;Уральский;Сайт банка;178;33;3730;196,2
2026-05;Уральский;Партнёрская сеть;202;200;1402;97,5
2026-05;Сибирский;Мобильное приложение;583;105;10460;240,5
2026-05;Сибирский;Отделение;305;41;7604;390,8
2026-05;Сибирский;Сайт банка;163;31;3392;195,2
2026-05;Сибирский;Партнёрская сеть;168;140;1214;110,3
2026-06;Центральный;Мобильное приложение;1260;236;22132;243,2
2026-06;Центральный;Отделение;666;86;15653;382,5
2026-06;Центральный;Сайт банка;331;82;6954;196,0
2026-06;Центральный;Партнёрская сеть;364;379;2575;112,4
2026-06;Северо-Западный;Мобильное приложение;797;124;13619;215,1
2026-06;Северо-Западный;Отделение;409;51;9523;356,4
2026-06;Северо-Западный;Сайт банка;182;35;4319;185,3
2026-06;Северо-Западный;Партнёрская сеть;199;179;1598;98,8
2026-06;Южный;Мобильное приложение;591;110;10470;213,5
2026-06;Южный;Отделение;313;43;7484;377,6
2026-06;Южный;Сайт банка;136;26;3282;190,8
2026-06;Южный;Партнёрская сеть;166;134;1107;109,6
2026-06;Уральский;Мобильное приложение;661;122;11771;224,7
2026-06;Уральский;Отделение;310;46;8383;382,1
2026-06;Уральский;Сайт банка;183;36;3877;199,5
2026-06;Уральский;Партнёрская сеть;212;207;1407;102,6
2026-06;Сибирский;Мобильное приложение;707;113;11054;241,3
2026-06;Сибирский;Отделение;287;44;7847;357,9
2026-06;Сибирский;Сайт банка;141;28;3505;201,4
2026-06;Сибирский;Партнёрская сеть;167;157;1224;100,8
