application_id,disbursed_at,amount_disbursed
APP-200000,2025-05-20 11:28:00,120000
APP-200001,2025-07-29 15:12:30,480000
APP-200005,2025-02-28 03:17:46,90000
APP-200008,2025-05-10 07:29:54,800000
APP-200009,2025-06-01 12:35:10,1200000
APP-200010,2025-01-17 00:23:07,2000000
APP-200012,2025-03-12 10:09:47,500000
APP-200014,2025-03-01 08:00:09,90000
APP-200015,2025-01-10 18:58:24,300000
APP-200018,2025-04-12 21:47:01,2000000
APP-200019,2025-03-24 10:47:43,500000
APP-200020,2025-02-06 22:10:57,640000
APP-200022,2025-01-14 00:58:07,2500000
APP-200029,2025-04-18 09:55:46,1200000
APP-200031,2025-06-13 23:29:33,500000
APP-200032,2025-06-02 06:10:03,800000
APP-200035,2025-06-30 02:43:38,4000000
APP-200038,2025-03-20 16:05:06,500000
APP-200039,2025-06-30 03:14:49,1500000
APP-200040,2025-03-02 09:15:35,1500000
APP-200044,2025-05-27 09:23:02,120000
APP-200048,2025-01-10 22:09:05,640000
APP-200051,2025-08-05 03:22:33,300000
APP-200054,2025-02-21 13:04:00,300000
APP-200055,2025-06-18 22:29:25,1500000
APP-200058,2025-06-20 06:56:26,720000
APP-200059,2025-03-25 04:38:34,500000
APP-200062,2025-03-13 23:01:22,5000000
APP-200063,2025-08-02 10:44:01,150000
APP-200064,2025-01-26 06:07:55,2000000
APP-200065,2025-01-17 08:08:43,90000
APP-200066,2025-07-13 08:58:55,1200000
APP-200068,2025-02-13 19:42:10,480000
APP-200069,2025-03-03 09:41:20,2500000
APP-200071,2025-03-19 11:05:06,240000
APP-200072,2025-04-09 15:43:27,150000
APP-200073,2025-05-01 18:50:42,150000
APP-200075,2025-03-14 02:57:39,1200000
APP-200076,2025-05-16 15:42:28,500000
APP-200077,2025-03-25 05:47:15,4000000
APP-200080,2025-02-08 22:32:50,400000
APP-200082,2025-05-31 10:21:42,800000
APP-200083,2025-03-17 07:14:37,2500000
APP-200087,2025-07-28 00:54:01,3000000
APP-200088,2025-07-03 07:35:03,960000
APP-200089,2025-06-25 16:19:27,2000000
APP-200090,2025-06-04 08:30:00,5000000
APP-200093,2025-05-23 11:52:02,90000
APP-200095,2025-01-16 21:46:49,4000000
APP-200096,2025-05-03 11:14:41,2500000
APP-200097,2025-04-14 06:51:55,500000
APP-200098,2025-01-12 18:53:38,2500000
APP-200099,2025-01-21 10:38:03,960000
APP-200100,2025-05-07 13:17:54,240000
APP-200101,2025-05-11 21:07:59,150000
APP-200103,2025-04-18 16:52:44,2500000
APP-200104,2025-05-04 10:30:38,800000
APP-200105,2025-06-16 21:47:00,300000
APP-200106,2025-04-05 17:56:01,1200000
APP-200109,2025-05-22 15:56:38,150000
APP-200113,2025-05-24 06:51:38,300000
APP-200115,2025-06-20 12:53:33,400000
APP-200118,2025-04-26 15:20:44,150000
APP-200123,2025-03-13 07:22:05,1500000
APP-200124,2025-07-19 04:42:38,800000
APP-200125,2025-04-30 10:18:13,150000
APP-200127,2025-03-14 03:10:30,2000000
APP-200131,2025-02-17 14:12:51,720000
APP-200132,2025-02-25 02:53:05,240000
APP-200133,2025-03-07 07:30:50,2500000
APP-200135,2025-03-03 16:38:18,2500000
APP-200137,2025-04-08 14:59:43,500000
APP-200139,2025-06-04 15:16:36,800000
APP-200141,2025-05-17 03:38:01,500000
APP-200143,2025-04-15 05:50:20,5000000
APP-200145,2025-06-02 01:52:28,5000000
APP-200146,2025-05-02 22:56:05,1200000
APP-200147,2025-01-17 11:34:20,300000
APP-200148,2025-02-01 09:17:06,960000
APP-200151,2025-07-04 20:49:23,300000
APP-200152,2025-07-23 05:11:25,240000
APP-200156,2025-01-25 20:27:02,400000
APP-200158,2025-01-30 18:41:01,500000
APP-200161,2025-03-13 06:58:58,2500000
APP-200162,2025-02-23 06:47:04,480000
APP-200165,2025-02-06 23:14:04,2500000
APP-200167,2025-07-11 15:14:03,240000
APP-200176,2025-02-16 01:14:57,1200000
APP-200177,2025-01-19 02:34:58,4000000
APP-200178,2025-03-16 09:00:31,120000
APP-200179,2025-04-05 06:23:21,400000
APP-200180,2025-04-02 01:25:59,150000
APP-200181,2025-06-29 00:35:47,300000
APP-200182,2025-06-09 06:22:19,300000
APP-200183,2025-05-15 01:52:16,300000
APP-200188,2025-04-16 20:05:59,5000000
APP-200189,2025-02-25 15:47:47,150000
APP-200192,2025-07-12 16:07:35,960000
APP-200195,2025-06-01 17:21:36,800000
APP-200196,2025-02-04 15:36:01,3000000
APP-200197,2025-06-18 22:35:47,5000000
APP-200199,2025-02-19 20:32:23,500000
APP-200202,2025-03-28 11:43:53,150000
APP-200204,2025-08-04 19:44:54,4000000
APP-200208,2025-06-17 05:50:37,1200000
APP-200210,2025-04-25 15:20:03,150000
APP-200211,2025-06-13 09:48:59,800000
APP-200215,2025-01-11 11:12:26,400000
APP-200216,2025-06-17 23:55:54,1200000
APP-200219,2025-03-01 06:19:18,300000
APP-200222,2025-05-10 14:54:57,2000000
APP-200223,2025-07-05 11:50:18,4000000
APP-200224,2025-01-22 10:09:03,1200000
APP-200225,2025-05-05 23:59:40,1500000
APP-200228,2025-01-21 09:31:04,2500000
APP-200229,2025-03-29 17:17:19,300000
APP-200230,2025-03-10 08:56:47,120000
APP-200232,2025-03-16 01:56:43,800000
APP-200233,2025-02-07 18:18:14,960000
APP-200235,2025-07-05 13:17:46,400000
APP-200236,2025-04-11 02:49:26,480000
APP-200238,2025-01-22 09:03:08,300000
APP-200241,2025-05-26 06:14:53,2000000
APP-200246,2025-03-07 23:31:53,960000
APP-200247,2025-03-13 16:41:16,5000000
APP-200248,2025-01-23 10:57:20,640000
APP-200250,2025-01-27 18:49:35,1200000
APP-200252,2025-06-05 11:12:19,500000
APP-200254,2025-02-05 21:43:48,180000
APP-200255,2025-07-29 16:28:01,2500000
APP-200256,2025-02-18 11:45:43,720000
APP-200257,2025-07-07 02:22:33,4000000
APP-200259,2025-07-04 16:24:48,500000
APP-200261,2025-01-26 01:07:19,2000000
APP-200265,2025-05-28 15:18:24,300000
APP-200266,2025-02-20 03:44:28,150000
APP-200267,2025-03-02 06:11:20,500000
APP-200269,2025-01-15 08:18:22,2500000
APP-200275,2025-03-10 22:02:01,300000
APP-200277,2025-07-18 01:03:52,1200000
APP-200281,2025-01-11 12:07:15,800000
APP-200283,2025-02-15 06:30:38,960000
APP-200287,2025-06-16 08:08:34,150000
APP-200291,2025-04-25 22:21:53,2000000
APP-200293,2025-06-14 23:54:23,1500000
APP-200297,2025-02-25 06:29:02,800000
APP-200301,2025-04-30 15:22:24,1500000
APP-200303,2025-05-27 15:16:20,2000000
APP-200306,2025-02-03 02:42:15,3000000
APP-200307,2025-02-09 22:37:10,300000
APP-200310,2025-04-14 17:09:25,120000
APP-200312,2025-03-12 22:21:53,1200000
APP-200313,2025-07-02 11:20:01,5000000
APP-200314,2025-06-23 07:26:24,120000
APP-200315,2025-07-28 21:13:56,5000000
APP-200316,2025-02-27 00:04:06,5000000
APP-200320,2025-05-24 20:19:55,1200000
APP-200321,2025-05-22 04:43:57,1500000
APP-200323,2025-06-17 18:06:10,800000
APP-200325,2025-06-20 08:03:42,640000
APP-200331,2025-01-30 07:55:24,150000
APP-200332,2025-03-11 00:54:43,500000
APP-200336,2025-02-18 06:11:13,5000000
APP-200340,2025-07-25 17:44:21,720000
APP-200341,2025-06-08 10:46:55,1200000
APP-200342,2025-07-31 23:13:30,300000
APP-200344,2025-03-04 04:42:36,2500000
APP-200345,2025-07-12 02:29:01,500000
APP-200346,2025-03-12 03:51:42,300000
APP-200350,2025-01-23 20:09:16,5000000
APP-200351,2025-07-29 04:08:17,120000
APP-200352,2025-05-06 01:18:46,500000
APP-200353,2025-04-09 04:25:08,800000
APP-200354,2025-04-05 02:01:04,500000
APP-200356,2025-04-12 21:34:07,180000
APP-200357,2025-05-31 22:25:15,2500000
APP-200359,2025-07-18 17:27:34,5000000
APP-200360,2025-04-28 08:04:53,5000000
APP-200364,2025-05-07 00:12:19,4000000
APP-200368,2025-03-26 06:38:11,500000
APP-200371,2025-06-10 02:24:26,5000000
APP-200375,2025-03-11 00:22:35,300000
APP-200378,2025-03-10 22:31:02,240000
APP-200379,2025-04-19 03:33:02,500000
APP-200382,2025-03-26 09:47:50,5000000
APP-200383,2025-04-30 14:14:30,2000000
APP-200385,2025-02-19 09:56:33,500000
APP-200386,2025-03-13 01:58:56,500000
APP-200387,2025-04-30 13:58:02,5000000
APP-200388,2025-04-09 02:44:49,720000
APP-200394,2025-08-01 00:54:00,1200000
APP-200397,2025-03-15 14:15:03,720000
APP-200398,2025-02-04 07:13:09,150000
APP-200399,2025-02-13 23:50:30,1200000
APP-200400,2025-02-02 21:20:07,90000
APP-200401,2025-02-05 03:59:24,800000
APP-200402,2025-04-23 10:28:10,300000
APP-200403,2025-04-12 22:52:00,90000
APP-200404,2025-06-20 21:03:13,500000
APP-200405,2025-05-02 15:14:22,300000
APP-200408,2025-06-28 09:33:02,180000
APP-200409,2025-04-08 14:53:49,240000
APP-200416,2025-05-08 23:41:49,120000
APP-200417,2025-06-25 03:13:43,300000
APP-200418,2025-02-28 13:56:01,300000
APP-200419,2025-07-21 18:41:33,640000
APP-200422,2025-01-28 14:19:43,800000
APP-200423,2025-07-24 09:12:30,300000
APP-200425,2025-07-08 11:19:27,800000
APP-200428,2025-07-18 08:24:53,1500000
APP-200432,2025-04-30 20:34:42,2500000
APP-200433,2025-06-05 13:46:55,480000
APP-200439,2025-07-09 01:33:03,500000
APP-200444,2025-02-13 16:05:42,300000
APP-200450,2025-02-22 01:40:25,800000
APP-200451,2025-07-06 04:03:08,2000000
APP-200452,2025-03-29 15:22:42,720000
APP-200458,2025-06-09 12:47:17,500000
APP-200459,2025-02-27 05:18:15,1200000
APP-200460,2025-02-03 09:29:20,800000
APP-200461,2025-02-22 06:15:56,800000
APP-200462,2025-01-23 14:36:34,1200000
APP-200463,2025-04-19 18:08:08,800000
APP-200465,2025-05-30 03:00:50,800000
APP-200467,2025-02-17 14:52:42,120000
APP-200469,2025-05-08 06:12:29,5000000
APP-200473,2025-02-16 21:29:58,150000
APP-200478,2025-05-22 01:14:03,90000
APP-200482,2025-04-13 03:17:12,2500000
APP-200484,2025-07-06 07:32:15,300000
APP-200485,2025-02-27 02:46:09,1200000
APP-200486,2025-01-26 23:05:28,1200000
APP-200489,2025-03-06 21:56:07,800000
APP-200490,2025-07-27 07:22:52,150000
APP-200491,2025-07-24 08:55:12,90000
APP-200493,2025-04-12 16:22:49,180000
APP-200494,2025-01-11 08:33:05,150000
APP-200498,2025-07-13 12:17:36,1200000
APP-200499,2025-05-11 09:33:07,300000
APP-200500,2025-06-17 17:23:02,150000
APP-200504,2025-08-05 19:10:29,800000
APP-200505,2025-02-09 16:07:19,1200000
APP-200507,2025-06-28 12:12:46,180000
APP-200508,2025-07-20 03:19:34,180000
APP-200509,2025-06-06 04:53:35,3000000
APP-200513,2025-06-13 02:07:46,1200000
APP-200514,2025-04-14 18:34:19,800000
APP-200515,2025-01-13 00:39:12,2500000
APP-200516,2025-06-22 02:19:53,1500000
APP-200517,2025-01-26 22:43:26,2500000
APP-200521,2025-04-27 02:50:45,5000000
APP-200522,2025-01-29 04:17:23,1500000
APP-200525,2025-03-25 03:10:12,640000
APP-200526,2025-05-22 00:41:41,480000
APP-200527,2025-01-11 19:33:44,5000000
APP-200529,2025-07-31 17:15:18,300000
APP-200534,2025-01-19 20:14:19,480000
APP-200535,2025-06-03 04:20:10,2500000
APP-200536,2025-06-23 22:35:42,300000
APP-200540,2025-06-03 20:53:38,2500000
APP-200544,2025-01-29 07:23:40,2500000
APP-200547,2025-03-20 04:21:09,2500000
APP-200551,2025-07-08 16:22:56,90000
APP-200554,2025-01-22 05:51:05,3000000
APP-200555,2025-07-02 22:43:22,3000000
APP-200556,2025-06-03 00:54:23,500000
APP-200557,2025-04-07 19:46:46,5000000
APP-200558,2025-04-30 05:47:06,500000
APP-200559,2025-03-04 23:05:25,800000
APP-200561,2025-07-22 23:15:35,300000
APP-200563,2025-07-02 16:52:18,5000000
APP-200564,2025-01-12 09:04:02,300000
APP-200572,2025-05-29 20:06:44,5000000
APP-200574,2025-03-26 17:00:53,1500000
APP-200575,2025-02-21 22:05:54,240000
APP-200577,2025-06-07 07:39:30,120000
APP-200578,2025-03-21 18:47:45,1500000
APP-200581,2025-04-04 15:56:20,2500000
APP-200582,2025-05-29 07:13:16,180000
APP-200585,2025-02-24 17:29:58,800000
APP-200586,2025-04-15 19:45:38,960000
APP-200587,2025-03-31 06:09:38,150000
APP-200589,2025-02-09 16:24:42,2500000
APP-200591,2025-04-19 18:10:05,1200000
APP-200592,2025-06-12 01:36:52,800000
APP-200595,2025-01-28 20:06:58,5000000
APP-200597,2025-05-28 13:49:27,300000
APP-200600,2025-04-02 21:04:45,300000
APP-200602,2025-06-16 15:28:37,2000000
APP-200605,2025-05-22 08:13:21,800000
APP-200606,2025-05-08 22:27:37,5000000
APP-200608,2025-05-09 12:10:48,2500000
APP-200610,2025-02-03 11:58:21,800000
APP-200611,2025-07-17 00:31:42,5000000
APP-200614,2025-04-02 04:06:42,2500000
APP-200615,2025-03-30 12:52:04,300000
APP-200616,2025-05-08 07:43:03,120000
APP-200619,2025-05-08 10:32:07,1200000
APP-200620,2025-06-21 03:06:44,90000
APP-200622,2025-04-08 02:17:52,300000
APP-200624,2025-06-15 09:58:25,3000000
APP-200625,2025-04-14 00:24:00,400000
APP-200626,2025-08-04 14:12:26,300000
APP-200627,2025-05-15 14:11:12,480000
APP-200628,2025-06-03 04:58:21,150000
APP-200629,2025-05-03 05:00:22,960000
APP-200630,2025-07-06 03:41:28,5000000
APP-200631,2025-06-04 15:13:02,1200000
APP-200632,2025-01-29 16:22:13,4000000
APP-200633,2025-04-03 06:14:35,4000000
APP-200634,2025-07-18 08:40:36,90000
APP-200635,2025-04-19 13:05:23,120000
APP-200636,2025-04-23 08:47:58,5000000
APP-200637,2025-02-28 12:11:03,240000
APP-200639,2025-07-02 07:59:29,5000000
APP-200642,2025-05-02 23:09:08,3000000
APP-200643,2025-05-13 08:55:49,3000000
APP-200644,2025-03-11 02:43:24,300000
APP-200650,2025-03-10 00:06:35,5000000
APP-200651,2025-07-07 16:31:17,150000
APP-200655,2025-05-24 09:07:15,2500000
APP-200656,2025-03-31 21:02:43,400000
APP-200658,2025-05-05 02:54:09,2500000
APP-200659,2025-03-26 01:06:59,180000
APP-200661,2025-07-17 08:29:22,720000
APP-200662,2025-06-02 16:34:05,150000
APP-200666,2025-04-06 06:42:35,3000000
APP-200667,2025-06-23 03:38:06,500000
APP-200669,2025-02-02 06:25:47,5000000
APP-200671,2025-06-22 19:46:26,1500000
APP-200673,2025-03-15 12:40:18,1500000
APP-200675,2025-08-02 19:21:39,5000000
APP-200677,2025-04-15 02:27:17,640000
APP-200679,2025-03-02 15:59:11,300000
APP-200682,2025-05-12 22:13:18,800000
APP-200684,2025-07-07 01:57:15,4000000
APP-200685,2025-02-11 02:28:39,120000
APP-200686,2025-04-11 12:54:03,4000000
APP-200696,2025-03-26 02:02:27,800000
APP-200704,2025-03-01 03:27:32,240000
APP-200707,2025-04-07 01:34:10,5000000
APP-200709,2025-06-01 16:01:07,300000
APP-200710,2025-04-12 23:43:56,800000
APP-200713,2025-04-01 15:25:02,240000
APP-200714,2025-07-16 13:55:54,400000
APP-200715,2025-04-29 19:41:53,300000
APP-200716,2025-05-25 01:00:43,800000
APP-200717,2025-01-30 13:57:23,720000
APP-200718,2025-01-22 17:09:27,5000000
APP-200719,2025-06-16 01:41:30,2500000
APP-200720,2025-03-01 23:34:10,500000
APP-200723,2025-07-02 19:12:15,5000000
APP-200724,2025-02-07 11:39:58,4000000
APP-200726,2025-07-27 10:03:18,1200000
APP-200729,2025-07-25 09:16:52,300000
APP-200734,2025-04-16 23:46:14,3000000
APP-200735,2025-06-05 09:17:00,500000
APP-200737,2025-07-18 14:04:52,2500000
APP-200738,2025-06-02 01:03:40,150000
APP-200741,2025-06-13 03:45:34,300000
APP-200743,2025-03-15 21:39:53,3000000
APP-200746,2025-03-06 02:05:35,2500000
APP-200747,2025-07-03 08:50:05,1200000
APP-200749,2025-07-03 11:25:58,400000
APP-200751,2025-03-28 04:50:27,720000
APP-200752,2025-06-11 20:19:48,90000
APP-200754,2025-02-09 11:22:33,500000
APP-200755,2025-03-10 18:07:57,1500000
APP-200756,2025-07-26 07:28:13,1200000
APP-200757,2025-02-18 09:39:48,300000
APP-200761,2025-04-19 12:24:10,5000000
APP-200764,2025-04-09 19:17:29,1200000
APP-200768,2025-04-12 06:47:09,500000
APP-200769,2025-04-23 10:30:10,960000
APP-200771,2025-04-21 22:14:39,2500000
APP-200772,2025-05-19 01:37:16,2500000
APP-200776,2025-03-31 18:54:14,1500000
APP-200779,2025-02-05 19:03:01,640000
APP-200780,2025-02-17 16:56:00,180000
APP-200782,2025-07-18 00:57:48,150000
APP-200784,2025-06-03 07:57:22,1500000
APP-200785,2025-05-27 18:46:06,120000
APP-200790,2025-04-26 22:18:18,480000
APP-200792,2025-04-02 20:06:17,500000
APP-200793,2025-01-20 07:19:15,4000000
APP-200798,2025-05-23 02:35:54,5000000
APP-200801,2025-06-12 15:34:18,720000
APP-200802,2025-04-13 09:33:28,300000
APP-200803,2025-06-20 05:37:02,2500000
APP-200804,2025-03-17 04:59:02,1200000
APP-200808,2025-06-24 23:53:37,800000
APP-200810,2025-07-02 18:48:35,150000
APP-200813,2025-04-01 15:00:20,4000000
APP-200817,2025-03-02 11:51:11,1500000
APP-200820,2025-02-08 03:32:26,800000
APP-200824,2025-01-14 09:12:13,480000
APP-200827,2025-05-05 11:28:02,800000
APP-200831,2025-04-13 18:11:09,960000
APP-200832,2025-01-11 06:11:51,400000
APP-200833,2025-04-04 17:14:23,300000
APP-200836,2025-07-18 06:30:30,640000
APP-200837,2025-03-15 14:12:30,800000
APP-200839,2025-04-29 01:17:48,150000
APP-200840,2025-07-16 17:25:53,5000000
APP-200841,2025-02-12 16:22:19,2000000
APP-200842,2025-06-18 01:01:32,1200000
APP-200843,2025-04-30 04:10:44,1500000
APP-200844,2025-01-12 14:50:04,5000000
APP-200845,2025-07-24 05:57:28,300000
APP-200846,2025-07-10 02:48:27,300000
APP-200848,2025-05-05 19:05:47,300000
APP-200850,2025-07-17 14:28:13,150000
APP-200852,2025-01-19 02:12:09,400000
APP-200855,2025-03-03 19:59:42,400000
APP-200863,2025-07-16 00:41:45,960000
APP-200865,2025-02-19 17:44:44,300000
APP-200866,2025-02-24 12:35:13,5000000
APP-200870,2025-05-02 00:02:23,800000
APP-200871,2025-02-02 21:48:10,3000000
APP-200872,2025-07-16 12:49:08,1200000
APP-200874,2025-01-12 03:09:48,500000
APP-200876,2025-08-06 03:44:41,300000
APP-200877,2025-05-19 09:09:38,150000
APP-200878,2025-05-09 14:44:24,3000000
APP-200880,2025-01-24 01:25:54,800000
APP-200883,2025-04-22 08:21:46,2500000
APP-200887,2025-02-19 06:14:36,640000
APP-200888,2025-01-11 00:03:42,1500000
APP-200891,2025-05-10 00:13:23,640000
APP-200893,2025-03-11 16:22:46,300000
APP-200896,2025-02-13 12:47:55,800000
APP-200897,2025-06-18 00:48:38,300000
APP-200898,2025-06-15 22:52:46,2000000
APP-200900,2025-03-04 05:36:36,120000
APP-200901,2025-05-11 00:22:41,720000
APP-200903,2025-03-20 19:31:49,480000
APP-200904,2025-06-03 09:44:39,2000000
APP-200906,2025-07-01 00:44:06,800000
APP-200912,2025-04-28 14:05:49,1500000
APP-200914,2025-05-14 02:34:22,480000
APP-200915,2025-06-25 09:02:11,1200000
APP-200916,2025-03-16 10:49:03,150000
APP-200917,2025-05-07 14:52:35,5000000
APP-200918,2025-05-04 00:18:36,5000000
APP-200921,2025-06-10 16:20:20,300000
APP-200927,2025-02-17 20:41:45,120000
APP-200928,2025-04-10 13:27:18,300000
APP-200930,2025-06-24 16:33:20,800000
APP-200932,2025-05-05 03:39:13,800000
APP-200933,2025-04-29 23:36:27,400000
APP-200935,2025-05-15 20:21:47,2500000
APP-200936,2025-06-11 23:02:25,150000
APP-200937,2025-03-22 05:16:42,1200000
APP-200938,2025-06-17 00:49:18,1200000
APP-200939,2025-02-13 14:09:41,5000000
APP-200943,2025-04-27 03:47:36,2500000
APP-200944,2025-05-07 01:52:37,500000
APP-200945,2025-05-08 11:13:45,180000
APP-200946,2025-07-28 03:24:16,3000000
APP-200947,2025-07-29 02:55:43,300000
APP-200948,2025-06-09 23:14:53,2500000
APP-200950,2025-03-25 08:36:54,300000
APP-200951,2025-07-18 16:07:32,800000
APP-200952,2025-04-18 11:34:14,300000
APP-200961,2025-06-29 14:59:02,2000000
APP-200962,2025-04-17 13:45:58,500000
APP-200964,2025-04-15 14:42:45,800000
APP-200965,2025-08-11 09:24:32,1200000
APP-200968,2025-04-23 08:53:58,2500000
APP-200969,2025-08-04 18:16:26,2500000
APP-200972,2025-01-29 02:12:44,2000000
APP-200973,2025-01-17 11:05:07,480000
APP-200975,2025-05-22 04:27:11,800000
APP-200976,2025-01-10 06:21:15,1200000
APP-200978,2025-03-24 06:54:29,500000
APP-200979,2025-06-11 13:37:19,5000000
APP-200981,2025-02-21 20:25:42,640000
APP-200985,2025-06-18 18:20:36,2000000
APP-200987,2025-06-08 17:30:03,500000
APP-200995,2025-01-25 07:12:56,720000
APP-200996,2025-01-22 18:23:16,5000000
APP-200998,2025-05-01 16:45:58,640000
APP-200999,2025-08-04 14:02:53,5000000
APP-201001,2025-04-30 00:33:26,240000
APP-201002,2025-03-07 15:37:24,720000
APP-201005,2025-02-17 18:18:49,2000000
APP-201007,2025-03-17 16:27:48,500000
APP-201008,2025-05-20 08:33:25,300000
APP-201009,2025-06-27 00:00:50,500000
APP-201014,2025-01-11 08:53:03,300000
APP-201018,2025-05-23 14:52:01,500000
APP-201019,2025-04-11 21:07:22,300000
APP-201022,2025-05-15 01:30:44,300000
APP-201024,2025-07-02 00:14:42,960000
APP-201026,2025-02-27 12:37:31,960000
APP-201027,2025-03-23 10:11:30,300000
APP-201031,2025-02-17 17:23:36,300000
APP-201033,2025-02-21 06:57:09,300000
APP-201034,2025-07-29 09:56:35,800000
APP-201035,2025-05-12 10:10:46,1200000
APP-201036,2025-03-17 14:07:17,300000
APP-201039,2025-06-15 07:37:32,800000
APP-201040,2025-02-24 00:22:55,400000
APP-201042,2025-04-20 11:31:09,150000
APP-201043,2025-02-03 17:21:18,3000000
APP-201044,2025-06-16 19:19:38,800000
APP-201048,2025-06-14 08:40:12,480000
APP-201060,2025-06-12 01:00:26,300000
APP-201061,2025-01-19 22:35:11,640000
APP-201063,2025-01-31 06:53:10,1200000
APP-201064,2025-02-09 20:04:31,300000
APP-201066,2025-01-14 00:36:01,90000
APP-201067,2025-05-09 20:52:37,400000
APP-201069,2025-04-08 20:04:28,400000
APP-201071,2025-06-13 13:19:16,1500000
APP-201072,2025-01-22 18:16:02,800000
APP-201074,2025-06-19 20:43:16,5000000
APP-201077,2025-04-13 11:16:24,800000
APP-201079,2025-04-03 09:08:50,2500000
APP-201081,2025-02-04 15:49:45,2000000
APP-201082,2025-01-20 19:44:54,150000
APP-201083,2025-06-11 14:00:32,150000
APP-201084,2025-08-05 17:54:03,90000
APP-201085,2025-02-18 21:05:58,1200000
APP-201088,2025-08-04 23:47:29,800000
APP-201090,2025-06-02 15:00:32,90000
APP-201091,2025-05-16 21:18:16,120000
APP-201095,2025-04-27 01:28:00,5000000
APP-201096,2025-03-01 08:19:13,90000
APP-201097,2025-02-25 05:59:10,2000000
APP-201098,2025-02-02 01:09:45,240000
APP-201099,2025-06-22 19:22:56,150000
APP-201100,2025-04-05 01:54:00,1500000
APP-201102,2025-02-12 14:38:36,800000
APP-201104,2025-05-14 17:27:44,300000
APP-201105,2025-04-17 23:18:55,480000
APP-201108,2025-01-21 00:11:14,5000000
APP-201109,2025-04-17 05:11:21,300000
APP-201110,2025-04-02 07:40:04,500000
APP-201113,2025-02-08 15:11:09,500000
APP-201114,2025-03-25 07:08:39,1200000
APP-201117,2025-04-13 01:51:12,240000
APP-201121,2025-06-12 07:11:25,3000000
APP-201123,2025-03-26 03:47:00,1500000
APP-201126,2025-03-08 22:16:22,300000
APP-201128,2025-04-29 05:54:48,90000
APP-201131,2025-08-05 05:45:14,800000
APP-201132,2025-04-25 19:45:53,640000
APP-201133,2025-01-19 16:57:42,500000
APP-201134,2025-05-24 13:28:20,5000000
APP-201135,2025-03-20 01:58:39,300000
APP-201137,2025-02-27 07:37:30,2000000
APP-201141,2025-03-12 08:06:33,2000000
APP-201142,2025-03-19 17:59:01,150000
APP-201143,2025-06-25 08:29:42,150000
APP-201145,2025-01-12 12:08:34,3000000
APP-201150,2025-07-15 02:05:46,400000
APP-201151,2025-05-01 17:42:28,2000000
APP-201153,2025-04-30 13:07:15,150000
APP-201156,2025-02-17 06:42:50,5000000
APP-201157,2025-08-01 09:15:42,800000
APP-201158,2025-03-31 07:59:38,150000
APP-201162,2025-03-30 12:24:49,960000
APP-201164,2025-03-05 00:23:14,400000
APP-201167,2025-06-09 09:21:55,480000
APP-201169,2025-01-18 21:50:17,800000
APP-201170,2025-04-28 11:12:00,500000
APP-201171,2025-05-24 05:30:59,2500000
APP-201172,2025-02-16 21:51:30,960000
APP-201173,2025-04-05 08:57:54,720000
APP-201174,2025-07-05 05:57:38,300000
APP-201175,2025-02-19 12:12:04,1200000
APP-201178,2025-04-12 05:20:07,5000000
APP-201181,2025-01-12 13:08:24,300000
APP-201189,2025-03-26 13:07:36,300000
APP-201190,2025-04-06 11:13:37,150000
APP-201191,2025-06-18 21:56:31,400000
APP-201194,2025-03-01 20:11:36,480000
APP-201195,2025-06-22 00:20:50,1200000
APP-201196,2025-03-11 23:57:54,300000
APP-201197,2025-07-05 03:18:07,3000000
APP-201199,2025-01-24 22:44:22,800000
APP-201200,2025-03-31 22:52:49,300000
APP-201201,2025-01-13 10:27:07,2500000
APP-201203,2025-05-29 04:06:49,180000
APP-201204,2025-02-10 17:54:44,1200000
APP-201205,2025-07-07 04:47:55,960000
APP-201206,2025-05-12 10:49:29,300000
APP-201207,2025-06-02 05:14:53,5000000
APP-201208,2025-04-29 19:02:55,1200000
APP-201210,2025-04-23 19:38:49,4000000
APP-201211,2025-04-05 12:14:29,1500000
APP-201213,2025-02-24 00:10:55,2500000
APP-201219,2025-04-02 03:46:16,5000000
APP-201221,2025-03-22 06:00:19,300000
APP-201223,2025-01-19 11:10:50,5000000
APP-201228,2025-07-06 10:31:19,800000
APP-201229,2025-05-11 00:35:57,3000000
APP-201231,2025-03-22 10:08:56,1200000
APP-201232,2025-01-27 22:47:39,500000
APP-201233,2025-01-12 06:36:27,1200000
APP-201235,2025-07-18 20:05:00,400000
APP-201236,2025-04-03 18:44:20,150000
APP-201243,2025-02-04 14:07:30,960000
APP-201244,2025-06-10 05:52:55,90000
APP-201245,2025-02-15 16:03:47,800000
APP-201246,2025-07-28 05:39:23,3000000
APP-201247,2025-07-22 13:31:05,180000
APP-201248,2025-04-29 18:28:58,5000000
APP-201253,2025-04-21 10:32:52,120000
APP-201258,2025-04-03 03:26:53,300000
APP-201259,2025-04-13 04:18:06,1200000
APP-201263,2025-06-21 16:43:55,5000000
APP-201264,2025-04-11 10:58:31,300000
APP-201265,2025-06-19 02:08:35,4000000
APP-201269,2025-02-04 09:37:10,400000
APP-201270,2025-03-05 12:26:33,300000
APP-201273,2025-07-28 16:33:03,90000
APP-201275,2025-06-17 16:34:05,300000
APP-201276,2025-03-18 15:45:17,300000
APP-201277,2025-05-30 09:06:50,150000
APP-201278,2025-05-28 23:02:56,1200000
APP-201279,2025-02-27 20:17:02,4000000
APP-201280,2025-01-31 05:36:12,120000
APP-201283,2025-01-28 09:50:31,960000
APP-201286,2025-06-07 22:02:38,120000
APP-201287,2025-03-16 00:17:39,180000
APP-201288,2025-07-29 13:21:47,2500000
APP-201289,2025-07-27 23:30:38,1200000
APP-201290,2025-02-27 11:55:39,150000
APP-201291,2025-08-07 10:19:21,800000
APP-201292,2025-04-20 01:38:06,2000000
APP-201294,2025-01-27 10:05:51,960000
APP-201297,2025-05-24 03:35:44,2000000
APP-201298,2025-05-19 20:55:10,1500000
APP-201302,2025-03-21 04:08:46,150000
APP-201304,2025-02-06 20:03:58,500000
APP-201305,2025-05-12 14:07:48,480000
APP-201308,2025-03-04 10:55:11,120000
APP-201309,2025-06-13 13:35:17,300000
APP-201310,2025-06-27 08:08:33,4000000
APP-201314,2025-02-25 23:35:53,1200000
APP-201315,2025-07-22 00:43:32,300000
APP-201316,2025-06-15 12:49:24,300000
APP-201317,2025-05-24 14:10:07,500000
APP-201320,2025-04-30 00:09:14,90000
APP-201321,2025-04-21 13:39:46,5000000
APP-201327,2025-03-19 01:20:13,300000
APP-201328,2025-04-05 06:52:11,300000
APP-201329,2025-07-14 09:22:35,720000
APP-201331,2025-06-13 18:01:32,800000
APP-201332,2025-05-11 04:05:25,1200000
APP-201333,2025-02-13 20:16:48,720000
APP-201334,2025-03-19 09:11:13,1200000
APP-201335,2025-05-26 04:42:07,1200000
APP-201338,2025-02-18 09:49:48,2500000
APP-201342,2025-01-10 15:02:28,5000000
APP-201345,2025-07-07 09:27:11,5000000
APP-201347,2025-01-28 07:20:16,5000000
APP-201349,2025-03-23 03:30:25,150000
APP-201351,2025-05-04 16:26:21,720000
APP-201355,2025-02-01 23:18:52,500000
APP-201358,2025-04-23 21:03:52,90000
APP-201359,2025-07-20 05:39:08,2500000
APP-201364,2025-04-05 02:47:03,2500000
APP-201365,2025-01-10 13:07:27,1200000
APP-201366,2025-05-12 23:37:30,90000
APP-201370,2025-07-28 02:35:46,640000
APP-201371,2025-03-06 14:44:51,1500000
APP-201374,2025-07-22 08:36:35,640000
APP-201375,2025-07-27 17:22:36,1500000
APP-201377,2025-02-12 01:46:43,5000000
APP-201378,2025-01-15 17:43:27,300000
APP-201379,2025-05-01 02:21:30,400000
APP-201380,2025-03-28 13:57:01,300000
APP-201382,2025-07-23 09:06:09,90000
APP-201383,2025-06-05 18:45:47,240000
APP-201386,2025-05-28 01:41:52,1200000
APP-201389,2025-06-15 09:31:42,2500000
APP-201393,2025-03-06 21:16:59,800000
APP-201394,2025-03-11 06:36:17,500000
APP-201396,2025-01-13 09:54:14,720000
APP-201398,2025-03-16 07:56:59,960000
APP-201400,2025-04-14 19:48:28,1200000
APP-201401,2025-07-06 08:17:16,4000000
APP-201402,2025-02-21 11:04:01,150000
APP-201403,2025-03-13 21:08:48,1500000
APP-201404,2025-06-04 05:17:26,800000
APP-201405,2025-03-08 13:00:28,1500000
APP-201412,2025-01-18 03:16:02,240000
APP-201413,2025-07-30 05:34:08,500000
APP-201415,2025-05-31 19:22:12,300000
APP-201416,2025-06-14 14:06:24,2500000
APP-201417,2025-04-11 09:28:08,150000
APP-201419,2025-04-13 02:06:43,300000
APP-201420,2025-04-07 15:42:36,300000
APP-201421,2025-03-23 11:20:25,90000
APP-201423,2025-02-28 06:06:23,1200000
APP-201424,2025-03-04 15:23:58,960000
APP-201428,2025-02-09 00:05:59,120000
APP-201429,2025-08-05 10:31:13,4000000
APP-201430,2025-02-25 12:27:50,500000
APP-201432,2025-05-12 00:01:54,1200000
APP-201434,2025-06-10 22:53:28,1200000
APP-201436,2025-07-21 05:36:36,1200000
APP-201437,2025-02-14 12:39:58,640000
APP-201438,2025-06-10 11:53:07,1200000
APP-201439,2025-07-12 16:38:46,500000
APP-201441,2025-04-29 12:59:33,5000000
APP-201443,2025-05-29 19:41:06,1200000
APP-201446,2025-03-09 04:47:11,5000000
APP-201447,2025-03-12 10:22:17,1500000
APP-201452,2025-08-05 11:08:54,2500000
APP-201454,2025-05-02 17:19:41,500000
APP-201455,2025-06-16 21:50:36,720000
APP-201457,2025-02-17 21:42:46,90000
APP-201458,2025-01-10 16:44:38,90000
APP-201459,2025-04-27 09:35:10,960000
APP-201462,2025-06-12 13:13:08,300000
APP-201464,2025-01-28 09:44:00,500000
APP-201467,2025-02-24 09:51:11,150000
APP-201468,2025-04-15 08:11:39,1500000
APP-201470,2025-06-09 08:22:36,500000
APP-201472,2025-02-24 11:26:11,800000
APP-201473,2025-04-23 19:35:04,3000000
APP-201474,2025-06-08 02:22:25,5000000
APP-201477,2025-07-13 05:57:06,180000
APP-201481,2025-07-04 06:54:50,720000
APP-201482,2025-05-10 04:59:54,240000
APP-201483,2025-05-02 00:24:23,150000
APP-201485,2025-06-27 01:32:55,800000
APP-201488,2025-02-12 18:47:25,400000
APP-201490,2025-07-09 15:38:40,300000
APP-201492,2025-01-12 19:31:45,5000000
APP-201497,2025-07-28 00:16:24,500000
APP-201498,2025-04-12 21:25:57,480000
APP-201499,2025-07-20 08:00:28,2500000
APP-201500,2025-03-31 15:13:35,5000000
APP-201502,2025-03-30 13:36:47,1200000
APP-201503,2025-07-14 04:45:12,960000
APP-201505,2025-05-12 14:16:27,5000000
APP-201506,2025-01-25 17:59:11,300000
APP-201509,2025-07-19 17:15:36,300000
APP-201511,2025-05-20 08:54:52,2500000
APP-201514,2025-06-19 03:17:29,480000
APP-201516,2025-04-26 12:40:56,1200000
APP-201517,2025-05-08 23:04:55,180000
APP-201519,2025-04-13 04:57:42,150000
APP-201520,2025-05-04 15:13:40,150000
APP-201521,2025-02-02 09:00:09,2000000
APP-201523,2025-06-13 07:54:29,1500000
APP-201524,2025-03-08 09:56:54,500000
APP-201526,2025-06-27 10:21:21,800000
APP-201527,2025-06-17 11:19:04,240000
APP-201530,2025-03-12 19:48:32,150000
APP-201531,2025-01-17 05:06:34,150000
APP-201532,2025-07-02 04:24:02,1500000
APP-201533,2025-05-03 04:18:44,150000
APP-201535,2025-06-20 15:52:53,300000
APP-201538,2025-07-31 23:14:02,400000
APP-201544,2025-04-06 15:58:12,120000
APP-201545,2025-03-14 00:45:24,4000000
APP-201548,2025-05-30 21:27:57,2500000
APP-201549,2025-07-09 06:28:58,400000
APP-201550,2025-01-22 12:07:17,800000
APP-201552,2025-07-24 18:53:42,300000
APP-201553,2025-03-01 05:26:03,3000000
APP-201554,2025-06-24 23:41:24,2000000
APP-201555,2025-07-19 12:20:50,800000
APP-201556,2025-05-23 09:02:11,2500000
APP-201557,2025-07-02 09:41:54,240000
APP-201558,2025-08-06 05:51:54,300000
APP-201562,2025-04-04 15:34:44,2500000
APP-201563,2025-03-15 20:13:49,150000
APP-201564,2025-03-06 01:43:18,2500000
APP-201565,2025-05-10 14:45:39,1200000
APP-201567,2025-03-23 14:22:19,500000
APP-201568,2025-06-06 23:21:51,500000
APP-201573,2025-05-13 23:49:22,2500000
APP-201575,2025-01-28 08:30:39,150000
APP-201579,2025-05-05 17:40:56,500000
APP-201580,2025-05-29 04:07:37,300000
APP-201582,2025-03-08 14:27:07,480000
APP-201583,2025-07-06 13:12:16,480000
APP-201584,2025-07-12 15:50:38,4000000
APP-201586,2025-04-04 16:02:49,4000000
APP-201587,2025-03-15 14:48:17,300000
APP-201591,2025-07-23 00:17:22,500000
APP-201593,2025-07-30 01:33:24,4000000
APP-201595,2025-02-04 03:27:36,300000
APP-201599,2025-05-08 20:07:33,800000
APP-201600,2025-07-09 04:22:44,800000
APP-201601,2025-06-13 08:23:07,960000
APP-201605,2025-01-28 03:13:43,800000
APP-201607,2025-06-05 10:17:53,640000
APP-201608,2025-03-05 09:02:08,800000
APP-201610,2025-06-18 04:34:13,120000
APP-201612,2025-06-05 19:57:21,5000000
APP-201613,2025-07-22 17:45:25,150000
APP-201614,2025-04-15 02:10:38,300000
APP-201617,2025-03-31 12:27:44,640000
APP-201619,2025-07-09 01:48:29,150000
APP-201620,2025-05-29 02:11:29,180000
APP-201622,2025-01-19 00:11:09,640000
APP-201625,2025-07-21 09:01:12,2500000
APP-201626,2025-02-17 08:24:13,5000000
APP-201627,2025-01-14 03:20:29,480000
APP-201628,2025-06-04 15:20:17,800000
APP-201629,2025-04-23 04:07:21,240000
APP-201630,2025-05-20 04:41:13,1200000
APP-201631,2025-05-19 08:42:03,1200000
APP-201634,2025-05-22 07:44:41,640000
APP-201635,2025-04-18 09:27:28,2500000
APP-201638,2025-05-20 03:32:17,5000000
APP-201639,2025-07-25 18:52:13,960000
APP-201642,2025-06-24 21:18:40,240000
APP-201643,2025-02-13 02:59:28,150000
APP-201646,2025-04-28 08:03:49,1200000
APP-201649,2025-02-10 01:39:54,500000
APP-201651,2025-05-16 10:56:29,5000000
APP-201653,2025-06-05 06:20:38,300000
APP-201655,2025-02-14 15:25:54,500000
APP-201656,2025-05-23 06:41:15,3000000
APP-201657,2025-01-10 01:05:25,1200000
APP-201661,2025-01-29 12:35:01,960000
APP-201664,2025-05-15 13:37:01,4000000
APP-201665,2025-04-01 07:58:24,120000
APP-201666,2025-06-11 06:58:09,180000
APP-201670,2025-08-05 01:46:47,90000
APP-201671,2025-01-24 07:52:47,500000
APP-201673,2025-04-01 10:07:40,300000
APP-201674,2025-03-10 13:51:52,2500000
APP-201675,2025-03-01 07:43:09,500000
APP-201676,2025-01-27 09:52:56,500000
APP-201677,2025-07-05 12:11:03,180000
APP-201678,2025-04-11 00:53:13,800000
APP-201686,2025-01-17 11:25:53,800000
APP-201688,2025-07-25 22:00:03,2500000
APP-201690,2025-05-28 11:18:32,2500000
APP-201694,2025-04-26 10:52:47,2500000
APP-201696,2025-04-23 21:08:24,300000
APP-201701,2025-05-28 18:34:20,1200000
APP-201702,2025-06-11 17:07:46,150000
APP-201704,2025-02-24 02:46:14,2000000
APP-201705,2025-05-21 10:08:10,960000
APP-201707,2025-07-12 00:12:16,180000
APP-201708,2025-03-01 09:16:35,640000
APP-201710,2025-03-03 07:54:13,480000
APP-201711,2025-07-16 02:10:32,5000000
APP-201715,2025-03-08 13:06:58,1200000
APP-201716,2025-01-27 22:01:49,150000
APP-201717,2025-05-02 04:31:25,5000000
APP-201721,2025-07-08 04:09:32,1200000
APP-201722,2025-06-22 17:42:30,500000
APP-201723,2025-07-12 22:36:33,2500000
APP-201724,2025-04-03 20:28:49,500000
APP-201725,2025-06-28 18:10:13,4000000
APP-201727,2025-05-16 22:23:51,500000
APP-201728,2025-07-02 08:40:47,800000
APP-201730,2025-06-21 21:09:14,500000
APP-201731,2025-07-12 01:17:11,960000
APP-201732,2025-03-18 19:36:04,500000
APP-201733,2025-06-29 05:37:54,800000
APP-201734,2025-06-23 04:50:22,960000
APP-201735,2025-04-06 16:25:17,5000000
APP-201736,2025-07-09 23:27:33,150000
APP-201739,2025-03-24 23:59:33,800000
APP-201741,2025-07-04 23:51:31,90000
APP-201742,2025-06-24 13:14:50,500000
APP-201743,2025-04-29 10:13:58,300000
APP-201748,2025-02-20 16:12:27,1200000
APP-201749,2025-03-16 12:07:13,300000
APP-201752,2025-03-04 01:57:53,300000
APP-201758,2025-07-16 01:50:48,800000
APP-201759,2025-03-21 00:17:51,1500000
APP-201760,2025-03-26 00:58:18,150000
APP-201761,2025-07-12 04:50:55,500000
APP-201762,2025-06-25 14:24:14,5000000
APP-201763,2025-03-19 04:23:52,2500000
APP-201765,2025-06-18 18:16:25,500000
APP-201767,2025-07-18 19:33:06,800000
APP-201771,2025-02-25 01:10:26,150000
APP-201772,2025-08-06 19:29:46,150000
APP-201773,2025-08-04 13:44:46,300000
APP-201774,2025-06-15 09:32:16,500000
APP-201775,2025-03-22 02:52:58,2000000
APP-201777,2025-05-02 20:54:58,1200000
APP-201778,2025-02-18 11:42:36,2500000
APP-201779,2025-06-04 21:14:28,2500000
APP-201781,2025-04-27 23:23:38,2000000
APP-201782,2025-03-02 04:39:17,1200000
APP-201785,2025-01-21 03:35:16,800000
APP-201786,2025-07-05 22:48:28,4000000
APP-201787,2025-03-05 05:00:57,300000
APP-201788,2025-08-05 10:24:34,2500000
APP-201792,2025-07-12 15:06:49,720000
APP-201793,2025-02-27 20:56:19,150000
APP-201796,2025-04-26 06:48:47,90000
APP-201797,2025-03-20 14:59:51,240000
APP-201799,2025-05-25 16:59:31,150000
APP-201800,2025-07-09 07:45:50,800000
APP-201801,2025-01-27 01:22:21,120000
APP-201802,2025-04-03 10:41:12,1500000
APP-201804,2025-03-14 11:57:13,800000
APP-201806,2025-06-03 20:20:48,800000
APP-201807,2025-04-08 02:10:04,2500000
APP-201808,2025-02-28 19:06:14,800000
APP-201809,2025-03-21 01:01:08,960000
APP-201811,2025-07-10 04:07:53,150000
APP-201813,2025-02-17 10:41:45,500000
APP-201814,2025-02-01 20:33:51,5000000
APP-201817,2025-03-25 07:15:46,500000
APP-201819,2025-07-09 20:20:16,300000
APP-201820,2025-07-13 03:32:13,300000
APP-201828,2025-06-01 00:03:22,1200000
APP-201829,2025-02-13 09:16:41,300000
APP-201831,2025-07-10 11:17:26,240000
APP-201832,2025-04-30 01:55:36,1500000
APP-201833,2025-06-29 21:40:56,500000
APP-201834,2025-04-17 15:55:56,3000000
APP-201835,2025-01-12 11:14:21,300000
APP-201836,2025-02-05 11:37:59,3000000
APP-201838,2025-06-20 00:57:52,120000
APP-201839,2025-02-19 14:39:38,960000
APP-201840,2025-02-15 08:00:09,640000
APP-201843,2025-05-24 09:43:16,2500000
APP-201844,2025-02-15 22:27:54,1200000
APP-201851,2025-07-25 05:55:31,4000000
APP-201852,2025-07-14 03:22:04,180000
APP-201854,2025-08-04 10:43:33,120000
APP-201855,2025-02-26 01:11:55,800000
APP-201856,2025-03-16 17:29:15,800000
APP-201858,2025-07-17 04:44:18,960000
APP-201859,2025-03-29 03:55:04,800000
APP-201860,2025-07-25 22:16:14,2000000
APP-201861,2025-07-24 00:45:43,500000
APP-201864,2025-01-22 00:35:08,5000000
APP-201867,2025-07-27 00:31:32,300000
APP-201869,2025-04-14 08:20:48,2500000
APP-201870,2025-03-21 15:17:17,180000
APP-201871,2025-06-05 09:23:36,800000
APP-201873,2025-05-08 02:56:19,2500000
APP-201874,2025-07-28 03:57:25,150000
APP-201875,2025-07-17 15:31:55,120000
APP-201876,2025-05-06 18:47:37,150000
APP-201877,2025-04-04 12:06:04,300000
APP-201879,2025-04-06 09:27:21,1200000
APP-201880,2025-08-04 16:39:36,150000
APP-201881,2025-04-05 16:58:44,1500000
APP-201883,2025-05-21 00:38:40,800000
APP-201884,2025-06-01 06:42:23,180000
APP-201885,2025-02-20 16:06:45,2500000
APP-201886,2025-06-21 01:38:49,960000
APP-201887,2025-03-14 20:06:22,300000
APP-201888,2025-05-07 14:52:05,90000
APP-201889,2025-01-15 08:05:07,5000000
APP-201890,2025-02-15 18:18:40,120000
APP-201891,2025-02-10 08:33:14,2000000
APP-201896,2025-06-18 17:52:28,300000
APP-201897,2025-06-13 05:02:32,150000
APP-201901,2025-01-20 04:19:34,300000
APP-201904,2025-05-12 23:16:12,500000
APP-201905,2025-03-23 05:11:40,500000
APP-201906,2025-06-21 00:11:28,500000
APP-201907,2025-06-13 20:25:07,240000
APP-201908,2025-07-28 10:24:32,1200000
APP-201911,2025-07-07 16:26:54,500000
APP-201912,2025-07-22 06:31:39,960000
APP-201913,2025-05-27 15:37:46,5000000
APP-201915,2025-07-05 18:18:47,720000
APP-201918,2025-03-25 10:40:16,640000
APP-201919,2025-02-11 06:15:44,4000000
APP-201920,2025-07-02 19:26:43,1200000
APP-201921,2025-02-21 19:27:48,2500000
APP-201922,2025-02-27 12:05:46,300000
APP-201924,2025-01-17 04:50:57,300000
APP-201925,2025-07-19 20:06:37,960000
APP-201926,2025-02-27 12:14:09,300000
APP-201928,2025-01-24 22:28:59,2500000
APP-201929,2025-02-17 23:10:31,4000000
APP-201930,2025-02-20 11:47:52,960000
APP-201931,2025-06-22 08:13:11,480000
APP-201932,2025-02-14 18:11:13,1200000
APP-201933,2025-05-04 18:54:05,720000
APP-201936,2025-07-13 09:55:20,500000
APP-201937,2025-03-07 12:50:15,800000
APP-201938,2025-07-24 11:28:04,300000
APP-201939,2025-06-07 08:23:05,1500000
APP-201940,2025-07-04 09:42:03,960000
APP-201941,2025-05-05 14:08:14,300000
APP-201942,2025-07-06 03:50:37,2500000
APP-201943,2025-06-28 08:28:12,300000
APP-201944,2025-04-16 10:07:10,800000
APP-201945,2025-01-26 21:54:59,1200000
APP-201946,2025-06-12 14:51:39,500000
APP-201947,2025-04-20 16:16:48,500000
APP-201948,2025-04-22 15:13:45,960000
APP-201951,2025-06-09 10:09:19,500000
APP-201952,2025-01-29 22:03:41,150000
APP-201956,2025-04-03 12:20:38,240000
APP-201959,2025-05-24 06:51:34,2500000
APP-201960,2025-02-02 16:20:01,90000
APP-201961,2025-05-22 07:57:25,500000
APP-201963,2025-01-10 07:46:43,1200000
APP-201968,2025-05-29 01:52:58,960000
APP-201969,2025-04-13 18:07:16,1200000
APP-201971,2025-04-19 15:43:38,480000
APP-201972,2025-04-07 06:36:54,5000000
APP-201974,2025-07-19 20:12:44,500000
APP-201975,2025-05-16 12:04:47,1200000
APP-201976,2025-07-14 09:28:34,1500000
APP-201980,2025-07-03 10:28:38,1500000
APP-201982,2025-07-02 22:31:55,800000
APP-201986,2025-07-10 05:21:58,300000
APP-201987,2025-08-01 23:52:45,1200000
APP-201989,2025-06-19 23:54:35,800000
APP-201990,2025-04-24 05:37:53,240000
APP-201992,2025-03-11 00:06:32,150000
APP-201994,2025-07-19 23:30:04,800000
APP-201996,2025-01-14 15:46:19,240000
APP-201998,2025-02-07 12:48:54,1200000
APP-202000,2025-01-09 19:34:29,3000000
APP-202001,2025-07-12 21:19:59,2500000
APP-202003,2025-06-04 23:59:25,1200000
APP-202004,2025-05-25 13:34:49,500000
APP-202006,2025-02-07 21:43:02,120000
APP-202008,2025-02-04 09:48:02,500000
APP-202009,2025-07-03 05:20:45,150000
APP-202010,2025-07-26 00:39:12,4000000
APP-202014,2025-08-05 20:55:46,300000
APP-202015,2025-04-05 08:13:49,3000000
APP-202016,2025-04-08 13:52:28,300000
APP-202018,2025-05-17 23:29:35,1200000
APP-202019,2025-05-02 20:18:11,500000
APP-202026,2025-07-13 23:20:55,3000000
APP-202027,2025-03-13 00:05:23,800000
APP-202029,2025-07-27 19:30:11,640000
APP-202030,2025-06-25 07:30:19,480000
APP-202031,2025-04-14 19:53:31,1200000
APP-202035,2025-07-31 22:58:29,5000000
APP-202036,2025-03-27 08:57:29,800000
APP-202042,2025-05-15 03:31:33,800000
APP-202045,2025-02-27 09:06:31,500000
APP-202047,2025-06-04 07:03:32,1200000
APP-202050,2025-05-23 06:51:43,300000
APP-202051,2025-02-20 23:17:39,90000
APP-202052,2025-02-26 22:47:28,2500000
APP-202054,2025-04-26 12:46:09,2500000
APP-202055,2025-03-11 22:41:47,120000
APP-202056,2025-04-19 03:39:52,480000
APP-202057,2025-03-01 23:21:59,150000
APP-202059,2025-01-11 15:28:23,960000
APP-202061,2025-07-19 14:58:43,150000
APP-202062,2025-05-29 08:36:30,480000
APP-202063,2025-04-13 08:15:37,2500000
APP-202064,2025-07-28 19:41:17,2500000
APP-202065,2025-01-12 08:27:24,1500000
APP-202067,2025-01-15 08:03:49,1200000
APP-202068,2025-07-01 08:59:25,1200000
APP-202069,2025-02-23 00:58:59,300000
APP-202070,2025-05-22 03:34:33,150000
APP-202081,2025-05-27 13:10:51,300000
APP-202082,2025-05-05 21:26:29,500000
APP-202085,2025-04-10 20:51:18,150000
APP-202086,2025-02-04 02:30:16,120000
APP-202087,2025-06-15 14:12:23,300000
APP-202090,2025-03-29 00:16:20,800000
APP-202091,2025-07-14 15:48:51,150000
APP-202094,2025-01-23 03:22:58,2500000
APP-202095,2025-06-17 22:48:43,960000
APP-202096,2025-06-02 04:19:56,500000
APP-202097,2025-06-28 14:20:56,120000
APP-202098,2025-03-03 19:06:46,4000000
APP-202100,2025-06-09 11:42:57,1200000
APP-202108,2025-02-07 05:42:42,800000
APP-202110,2025-03-05 18:24:33,960000
APP-202111,2025-03-01 21:44:02,120000
APP-202112,2025-06-11 15:49:01,800000
APP-202121,2025-05-30 02:13:37,500000
APP-202126,2025-05-08 07:23:05,5000000
APP-202127,2025-06-04 20:12:30,2000000
APP-202130,2025-04-09 09:04:34,300000
APP-202132,2025-04-22 08:59:52,5000000
APP-202133,2025-02-19 10:49:24,1200000
APP-202135,2025-05-19 21:38:27,640000
APP-202138,2025-01-10 04:06:44,400000
APP-202140,2025-01-09 05:13:34,960000
APP-202141,2025-03-19 20:34:30,5000000
APP-202144,2025-04-19 18:47:57,1200000
APP-202145,2025-05-17 02:30:40,720000
APP-202146,2025-07-21 16:39:49,180000
APP-202148,2025-05-01 04:43:02,150000
APP-202151,2025-03-26 18:51:50,150000
APP-202153,2025-01-20 21:28:34,1200000
APP-202154,2025-06-24 09:12:37,800000
APP-202160,2025-01-11 12:15:18,2000000
APP-202161,2025-04-27 11:16:37,500000
APP-202164,2025-06-15 07:05:11,5000000
APP-202165,2025-02-04 22:36:24,800000
APP-202167,2025-07-08 08:35:53,150000
APP-202172,2025-04-26 23:58:22,2000000
APP-202178,2025-01-23 21:43:16,4000000
APP-202181,2025-03-21 00:42:18,300000
APP-202184,2025-03-14 12:16:29,1200000
APP-202185,2025-03-08 21:47:19,150000
APP-202186,2025-01-26 01:27:50,1500000
APP-202187,2025-06-26 10:23:02,150000
APP-202188,2025-03-12 23:52:27,640000
APP-202189,2025-04-13 07:18:01,120000
APP-202190,2025-05-03 09:52:42,2500000
APP-202192,2025-02-25 09:20:41,720000
APP-202193,2025-07-15 21:14:34,2000000
APP-202195,2025-07-15 19:11:56,800000
APP-202202,2025-03-22 07:08:55,150000
APP-202205,2025-06-05 09:01:58,300000
APP-202206,2025-07-17 16:57:20,640000
APP-202207,2025-07-23 00:03:57,800000
APP-202208,2025-03-10 21:47:04,150000
APP-202209,2025-05-21 19:50:12,800000
APP-202211,2025-04-11 02:32:54,2000000
APP-202213,2025-03-29 17:22:15,120000
APP-202214,2025-06-25 22:52:00,1200000
APP-202217,2025-06-20 04:42:52,2500000
APP-202218,2025-05-01 10:28:52,150000
APP-202220,2025-07-09 02:54:47,640000
APP-202223,2025-01-12 03:01:52,150000
APP-202226,2025-04-23 05:56:35,2500000
APP-202230,2025-04-20 18:35:35,5000000
APP-202234,2025-07-17 16:37:56,1200000
APP-202235,2025-05-16 10:33:35,2000000
APP-202236,2025-05-23 05:44:37,720000
APP-202238,2025-07-07 22:44:25,800000
APP-202239,2025-03-16 13:52:15,90000
APP-202242,2025-07-15 11:35:37,90000
APP-202244,2025-05-09 18:47:01,800000
APP-202246,2025-03-06 10:49:45,1500000
APP-202249,2025-04-02 07:30:15,3000000
APP-202252,2025-02-25 18:39:42,90000
APP-202255,2025-05-12 15:19:16,960000
APP-202257,2025-06-30 09:29:54,500000
APP-202259,2025-05-12 17:16:28,480000
APP-202260,2025-05-16 07:38:29,300000
APP-202263,2025-02-21 13:22:44,2500000
APP-202266,2025-06-11 21:45:30,800000
APP-202268,2025-07-16 03:53:57,300000
APP-202269,2025-06-12 07:01:59,640000
APP-202271,2025-07-03 02:03:28,3000000
APP-202272,2025-07-16 23:06:14,640000
APP-202273,2025-04-07 05:30:03,960000
APP-202274,2025-01-12 00:08:41,1200000
APP-202279,2025-03-27 19:19:44,300000
APP-202282,2025-03-15 20:14:52,2500000
APP-202284,2025-06-20 12:23:26,150000
APP-202285,2025-05-27 08:18:22,500000
APP-202286,2025-06-22 07:21:51,800000
APP-202287,2025-05-15 23:54:06,1200000
APP-202289,2025-02-18 11:35:22,300000
APP-202290,2025-01-09 06:40:39,150000
APP-202293,2025-04-26 00:16:25,120000
APP-202297,2025-07-12 19:46:48,150000
APP-202298,2025-05-09 19:52:32,2500000
APP-202300,2025-03-21 02:15:08,1500000
APP-202303,2025-01-20 06:14:26,4000000
APP-202306,2025-02-28 12:13:26,500000
APP-202307,2025-08-05 06:08:06,800000
APP-202308,2025-03-10 11:59:27,5000000
APP-202309,2025-07-03 07:24:19,1200000
APP-202310,2025-03-04 19:05:04,300000
APP-202311,2025-04-22 19:57:06,3000000
APP-202312,2025-04-02 05:10:57,1200000
APP-202313,2025-02-03 07:25:35,5000000
APP-202315,2025-01-30 13:22:11,1200000
APP-202316,2025-01-13 17:19:40,800000
APP-202321,2025-02-20 17:29:07,180000
APP-202325,2025-03-16 09:57:58,500000
APP-202326,2025-02-23 08:30:58,1200000
APP-202327,2025-02-03 20:21:26,500000
APP-202328,2025-02-06 07:49:29,180000
APP-202330,2025-07-18 13:36:57,2500000
APP-202332,2025-05-24 21:23:59,1200000
APP-202336,2025-05-11 12:11:25,500000
APP-202337,2025-08-03 14:37:08,300000
APP-202340,2025-05-04 11:54:04,640000
APP-202342,2025-07-07 07:32:52,500000
APP-202343,2025-04-15 21:09:52,3000000
APP-202345,2025-07-01 04:03:48,500000
APP-202346,2025-03-26 10:25:40,5000000
APP-202347,2025-05-17 05:48:10,300000
APP-202349,2025-02-23 15:37:12,90000
APP-202351,2025-02-14 09:30:51,5000000
APP-202353,2025-03-23 12:52:38,300000
APP-202354,2025-04-01 05:12:14,800000
APP-202355,2025-07-19 09:13:20,3000000
APP-202360,2025-07-28 03:26:02,2500000
APP-202361,2025-05-27 01:53:51,4000000
APP-202364,2025-02-08 20:28:28,5000000
APP-202365,2025-06-15 18:50:15,150000
APP-202366,2025-07-28 23:55:18,800000
APP-202367,2025-05-30 15:36:09,500000
APP-202369,2025-02-27 13:18:22,1200000
APP-202370,2025-07-24 02:18:01,800000
APP-202371,2025-05-06 17:24:45,2500000
APP-202372,2025-07-17 10:11:15,5000000
APP-202374,2025-04-23 21:47:06,800000
APP-202375,2025-07-22 15:55:56,800000
APP-202376,2025-05-24 10:40:10,90000
APP-202377,2025-07-30 21:51:16,1200000
APP-202382,2025-07-28 07:04:04,2500000
APP-202386,2025-06-08 04:04:38,2000000
APP-202389,2025-07-09 02:05:02,2500000
APP-202390,2025-04-05 09:14:40,800000
APP-202391,2025-04-29 22:26:55,800000
APP-202392,2025-04-04 12:39:58,2500000
APP-202393,2025-06-12 14:24:02,2500000
APP-202394,2025-01-15 13:00:34,180000
APP-202396,2025-08-06 06:51:17,180000
APP-202398,2025-05-22 08:07:06,2000000
APP-202399,2025-04-20 21:42:19,800000
APP-202400,2025-01-28 12:59:11,300000
APP-202402,2025-05-03 04:53:49,180000
APP-202403,2025-02-11 05:27:56,5000000
APP-202404,2025-05-06 04:36:26,1200000
APP-202405,2025-05-30 08:28:25,2000000
APP-202407,2025-01-27 01:45:30,5000000
APP-202408,2025-07-24 20:53:20,5000000
APP-202409,2025-03-08 09:30:34,300000
APP-202410,2025-05-16 09:04:51,800000
APP-202411,2025-04-11 00:54:38,500000
APP-202412,2025-03-01 18:05:37,2500000
APP-202419,2025-05-14 03:54:01,500000
APP-202421,2025-03-23 00:02:07,500000
APP-202423,2025-01-21 08:49:54,2000000
APP-202426,2025-02-10 22:32:57,800000
APP-202428,2025-03-12 21:43:48,2500000
APP-202429,2025-07-05 09:37:21,500000
APP-202434,2025-05-13 04:56:32,1200000
APP-202437,2025-05-06 10:45:57,5000000
APP-202438,2025-02-14 14:48:29,1500000
APP-202442,2025-04-26 00:17:42,300000
APP-202445,2025-05-05 07:03:46,500000
APP-202448,2025-04-01 12:25:27,180000
APP-202449,2025-06-01 10:16:35,2500000
APP-202451,2025-08-02 15:19:07,720000
APP-202452,2025-01-11 22:25:31,150000
APP-202453,2025-08-02 07:18:31,240000
APP-202455,2025-02-24 12:24:21,300000
APP-202456,2025-03-31 17:20:00,180000
APP-202457,2025-03-14 15:17:08,300000
APP-202458,2025-03-22 12:10:16,90000
APP-202459,2025-02-08 07:22:31,2000000
APP-202461,2025-01-15 16:58:39,2000000
APP-202462,2025-04-01 07:41:11,5000000
APP-202463,2025-02-17 04:29:37,3000000
APP-202464,2025-02-28 17:29:13,240000
APP-202467,2025-04-20 10:59:51,480000
APP-202471,2025-04-04 03:14:26,1200000
APP-202472,2025-03-25 20:31:20,240000
APP-202473,2025-08-04 20:35:48,4000000
APP-202474,2025-06-14 08:42:30,4000000
APP-202475,2025-07-09 10:19:42,500000
APP-202476,2025-05-11 16:21:16,1200000
APP-202478,2025-05-19 05:14:34,1200000
APP-202480,2025-04-24 17:41:54,1200000
APP-202481,2025-05-19 10:37:07,500000
APP-202484,2025-02-16 20:14:42,5000000
APP-202485,2025-06-11 10:41:20,90000
APP-202486,2025-04-11 23:07:21,1500000
APP-202487,2025-03-16 21:35:01,500000
APP-202488,2025-03-22 10:21:59,240000
APP-202491,2025-03-15 07:57:52,150000
APP-202492,2025-07-12 05:38:24,800000
APP-202495,2025-06-27 15:27:17,1500000
APP-202496,2025-01-20 06:11:25,2500000
APP-202497,2025-08-02 13:44:46,960000
APP-202499,2025-02-08 03:31:20,5000000
APP-202500,2025-03-07 08:07:51,1200000
APP-202501,2025-04-07 18:55:07,90000
APP-202503,2025-07-20 07:39:05,640000
APP-202506,2025-05-23 15:39:17,300000
APP-202510,2025-02-17 23:37:20,2500000
APP-202511,2025-03-04 09:53:04,1200000
APP-202512,2025-08-05 11:33:01,2500000
APP-202513,2025-01-25 19:09:32,500000
APP-202514,2025-07-21 03:35:18,500000
APP-202515,2025-01-18 18:09:03,5000000
APP-202516,2025-01-26 03:43:12,960000
APP-202517,2025-03-15 12:59:33,500000
APP-202518,2025-01-15 06:12:18,2500000
APP-202520,2025-05-09 19:43:12,2000000
APP-202522,2025-05-09 17:24:38,1200000
APP-202523,2025-06-09 15:04:39,300000
APP-202528,2025-03-24 16:51:38,150000
APP-202529,2025-05-18 16:51:18,1200000
APP-202533,2025-06-23 14:36:05,2500000
APP-202534,2025-07-26 04:18:58,5000000
APP-202535,2025-07-24 14:13:09,1200000
APP-202536,2025-02-17 22:40:55,300000
APP-202537,2025-07-28 03:58:10,2000000
APP-202538,2025-06-30 09:18:35,1500000
APP-202543,2025-01-13 20:32:00,480000
APP-202544,2025-01-16 00:36:53,150000
APP-202549,2025-03-12 04:39:18,150000
APP-202551,2025-01-15 07:43:08,1200000
APP-202555,2025-02-10 09:53:35,800000
APP-202557,2025-06-03 13:32:10,640000
APP-202559,2025-05-26 02:59:53,240000
APP-202560,2025-01-24 20:28:05,4000000
APP-202561,2025-05-27 15:02:41,150000
APP-202563,2025-02-06 02:28:20,300000
APP-202566,2025-06-17 16:47:05,500000
APP-202571,2025-01-28 14:43:55,5000000
APP-202572,2025-06-25 20:14:21,2000000
APP-202573,2025-06-16 19:21:13,720000
APP-202574,2025-07-21 07:49:22,640000
APP-202577,2025-01-08 22:50:13,5000000
APP-202580,2025-06-28 09:41:31,800000
APP-202582,2025-05-30 06:23:42,960000
APP-202584,2025-04-22 19:57:10,5000000
APP-202589,2025-03-25 02:33:08,300000
APP-202590,2025-06-27 00:09:26,800000
APP-202591,2025-04-06 21:57:34,5000000
APP-202596,2025-03-03 19:46:28,500000
APP-202598,2025-05-25 20:43:49,1500000
APP-202599,2025-06-05 03:47:33,720000
APP-202600,2025-03-05 02:22:54,4000000
APP-202601,2025-06-06 23:29:36,4000000
APP-202604,2025-06-17 04:19:26,2000000
APP-202609,2025-02-12 15:33:28,800000
APP-202612,2025-03-11 06:00:36,500000
APP-202614,2025-04-10 19:22:39,120000
APP-202618,2025-01-30 20:15:35,5000000
APP-202619,2025-06-12 08:40:31,960000
APP-202621,2025-07-15 18:28:37,720000
APP-202626,2025-05-17 06:26:33,300000
APP-202627,2025-07-28 06:32:12,2000000
APP-202632,2025-06-24 01:02:35,640000
APP-202634,2025-05-25 01:25:54,4000000
APP-202635,2025-03-06 00:34:20,300000
APP-202637,2025-01-26 22:06:55,3000000
APP-202638,2025-07-09 03:04:08,800000
APP-202642,2025-03-15 21:09:53,800000
APP-202644,2025-02-02 09:52:26,1200000
APP-202645,2025-03-15 20:32:28,5000000
APP-202646,2025-05-24 21:48:22,150000
APP-202647,2025-01-21 23:46:07,500000
APP-202649,2025-08-05 19:53:14,1200000
APP-202650,2025-02-01 12:51:06,3000000
APP-202651,2025-04-07 05:27:28,1500000
APP-202653,2025-04-16 08:30:04,5000000
APP-202654,2025-06-19 20:40:29,1500000
APP-202655,2025-01-21 20:13:57,800000
APP-202656,2025-07-21 14:57:20,150000
APP-202657,2025-01-16 19:47:17,150000
APP-202663,2025-05-09 15:19:48,2500000
APP-202664,2025-05-25 00:30:46,500000
APP-202667,2025-03-23 03:11:40,150000
APP-202671,2025-03-16 04:15:24,240000
APP-202672,2025-01-31 02:47:33,500000
APP-202673,2025-04-07 17:08:38,180000
APP-202676,2025-07-25 04:32:54,800000
APP-202680,2025-01-12 01:32:42,800000
APP-202681,2025-06-16 08:47:18,480000
APP-202684,2025-01-20 13:03:21,90000
APP-202689,2025-04-04 15:52:37,4000000
APP-202690,2025-04-26 08:25:29,400000
APP-202696,2025-02-27 22:39:59,720000
APP-202697,2025-03-03 02:43:39,240000
APP-202698,2025-06-01 10:09:11,240000
APP-202699,2025-02-24 04:28:09,800000
APP-202701,2025-08-07 09:45:01,800000
APP-202704,2025-01-15 16:36:06,5000000
APP-202709,2025-03-23 00:13:41,150000
APP-202710,2025-01-19 09:14:19,720000
APP-202711,2025-06-11 19:48:54,2500000
APP-202713,2025-01-31 18:02:56,400000
APP-202716,2025-02-09 15:28:49,960000
APP-202719,2025-06-09 10:21:26,180000
APP-202720,2025-07-01 04:28:49,2000000
APP-202721,2025-05-12 23:00:01,960000
APP-202723,2025-06-27 07:50:34,300000
APP-202726,2025-02-16 17:47:54,1200000
APP-202730,2025-05-05 08:56:36,1200000
APP-202732,2025-03-12 06:13:08,300000
APP-202733,2025-07-02 18:37:15,300000
APP-202734,2025-07-04 01:03:46,180000
APP-202738,2025-03-08 16:12:28,2000000
APP-202743,2025-06-24 09:17:16,5000000
APP-202746,2025-04-10 04:20:40,240000
APP-202749,2025-02-24 11:29:58,2500000
APP-202750,2025-01-14 22:29:36,480000
APP-202751,2025-01-13 02:18:59,180000
APP-202753,2025-05-13 10:19:03,720000
APP-202754,2025-01-10 19:49:39,640000
APP-202756,2025-03-25 05:30:46,5000000
APP-202759,2025-03-04 10:33:45,300000
APP-202761,2025-03-17 20:00:43,2500000
APP-202763,2025-07-24 03:51:27,720000
APP-202767,2025-04-20 12:23:22,180000
APP-202769,2025-02-18 23:46:52,800000
APP-202772,2025-05-19 15:46:14,4000000
APP-202774,2025-06-25 04:21:37,1200000
APP-202775,2025-04-12 09:36:25,150000
APP-202776,2025-05-07 15:38:11,2000000
APP-202779,2025-05-13 13:18:43,640000
APP-202780,2025-04-11 03:37:56,5000000
APP-202782,2025-05-03 20:06:49,120000
APP-202784,2025-03-30 20:30:55,4000000
APP-202785,2025-04-03 23:19:55,90000
APP-202787,2025-03-12 03:25:17,180000
APP-202789,2025-01-17 23:31:57,800000
APP-202790,2025-07-13 22:16:18,120000
APP-202791,2025-07-12 10:21:40,150000
APP-202793,2025-07-19 08:43:23,720000
APP-202794,2025-06-01 07:38:47,150000
APP-202795,2025-02-11 14:27:59,800000
APP-202797,2025-07-28 20:56:27,800000
APP-202798,2025-03-21 20:20:17,120000
APP-202801,2025-07-05 03:39:29,1200000
APP-202805,2025-05-17 14:17:16,2500000
APP-202806,2025-07-07 08:18:40,90000
APP-202816,2025-02-10 16:09:32,800000
APP-202817,2025-06-09 23:14:49,800000
APP-202823,2025-08-05 16:02:40,1200000
APP-202825,2025-07-02 02:22:46,300000
APP-202826,2025-01-12 13:13:50,240000
APP-202828,2025-02-20 09:37:06,720000
APP-202832,2025-04-05 02:05:53,500000
APP-202835,2025-04-16 15:55:30,300000
APP-202836,2025-01-26 00:12:56,800000
APP-202840,2025-03-29 06:22:26,4000000
APP-202842,2025-06-08 22:00:00,800000
APP-202843,2025-04-05 11:21:28,720000
APP-202845,2025-03-09 02:41:50,120000
APP-202847,2025-03-29 09:13:25,500000
APP-202848,2025-02-09 05:33:24,2500000
APP-202856,2025-03-05 09:05:23,1200000
APP-202857,2025-06-17 00:10:16,500000
APP-202858,2025-06-05 08:54:02,5000000
APP-202859,2025-02-27 23:54:12,240000
APP-202862,2025-03-31 18:36:27,2500000
APP-202864,2025-07-13 07:03:49,240000
APP-202865,2025-04-27 18:26:54,5000000
APP-202868,2025-04-13 14:43:11,150000
APP-202871,2025-07-01 08:40:44,300000
APP-202872,2025-03-05 01:22:45,300000
APP-202874,2025-05-16 21:14:27,120000
APP-202875,2025-01-17 17:04:10,5000000
APP-202876,2025-07-19 23:38:22,5000000
APP-202880,2025-02-13 10:17:24,300000
APP-202882,2025-06-24 22:03:46,300000
APP-202888,2025-05-01 08:43:50,1200000
APP-202890,2025-03-01 18:42:39,800000
APP-202891,2025-05-26 03:46:57,1200000
APP-202893,2025-01-10 18:37:41,640000
APP-202897,2025-04-16 20:34:26,3000000
APP-202898,2025-05-15 06:50:56,5000000
APP-202899,2025-08-01 23:02:04,5000000
APP-202901,2025-04-29 00:49:54,4000000
APP-202905,2025-06-27 14:46:49,300000
APP-202906,2025-06-09 07:04:06,2500000
APP-202911,2025-07-11 09:49:59,800000
APP-202912,2025-02-23 17:07:05,500000
APP-202915,2025-07-23 05:24:31,2000000
APP-202917,2025-04-04 09:31:09,300000
APP-202919,2025-05-23 20:55:28,120000
APP-202923,2025-04-05 20:06:12,1200000
APP-202925,2025-04-23 15:45:25,2500000
APP-202929,2025-03-29 00:43:12,180000
APP-202930,2025-06-23 17:43:16,150000
APP-202931,2025-01-31 05:38:17,2500000
APP-202933,2025-05-20 19:22:13,1200000
APP-202934,2025-07-02 06:38:52,1200000
APP-202935,2025-01-29 21:03:44,300000
APP-202936,2025-06-29 14:25:55,500000
APP-202940,2025-01-19 08:16:42,150000
APP-202943,2025-05-20 04:20:07,1200000
APP-202945,2025-07-21 16:55:32,2000000
APP-202946,2025-06-17 07:14:56,1200000
APP-202948,2025-06-30 02:28:42,300000
APP-202949,2025-08-01 14:27:17,240000
APP-202950,2025-05-14 22:29:09,960000
APP-202951,2025-03-07 03:13:34,1200000
APP-202953,2025-02-23 08:49:30,1200000
APP-202954,2025-03-06 13:20:19,800000
APP-202955,2025-04-01 23:47:39,1500000
APP-202956,2025-07-26 08:39:24,500000
APP-202957,2025-02-09 05:44:31,1200000
APP-202958,2025-05-26 20:51:10,800000
APP-202960,2025-03-14 12:28:36,480000
APP-202965,2025-02-20 18:25:04,720000
APP-202966,2025-05-24 18:16:37,1200000
APP-202969,2025-03-27 03:53:31,3000000
APP-202970,2025-02-03 10:14:40,500000
APP-202972,2025-04-07 08:58:06,2500000
APP-202975,2025-06-15 19:13:54,300000
APP-202979,2025-07-05 19:24:33,240000
APP-202981,2025-03-29 09:05:37,300000
APP-202986,2025-01-19 19:22:17,300000
APP-202988,2025-06-14 16:22:36,1500000
APP-202992,2025-01-20 22:05:31,480000
APP-202993,2025-07-08 07:36:45,3000000
APP-202995,2025-05-27 14:35:20,1500000
APP-202997,2025-05-26 04:52:41,150000
APP-202999,2025-01-27 12:24:42,240000
APP-203002,2025-04-18 02:29:46,5000000
APP-203003,2025-03-07 19:28:58,500000
APP-203011,2025-05-08 07:04:09,1200000
APP-203012,2025-05-08 21:55:52,300000
APP-203013,2025-04-16 16:19:15,640000
APP-203015,2025-02-06 20:38:21,2000000
APP-203018,2025-04-14 22:40:39,500000
APP-203019,2025-03-17 09:13:20,300000
APP-203024,2025-01-12 17:20:59,2500000
APP-203026,2025-04-20 10:23:55,5000000
APP-203028,2025-05-05 09:43:18,2500000
APP-203030,2025-05-16 13:13:00,2500000
APP-203033,2025-04-14 18:01:56,150000
APP-203034,2025-06-05 16:00:00,300000
APP-203035,2025-02-08 20:02:17,300000
APP-203036,2025-07-12 06:10:04,2500000
APP-203037,2025-05-24 17:23:55,480000
APP-203039,2025-05-06 13:49:52,120000
APP-203040,2025-05-09 08:40:22,3000000
APP-203042,2025-05-26 21:05:57,5000000
APP-203043,2025-03-11 20:56:35,500000
APP-203049,2025-04-28 07:33:36,150000
APP-203053,2025-07-24 20:04:13,500000
APP-203055,2025-01-26 16:14:10,800000
APP-203057,2025-05-20 23:59:55,2000000
APP-203058,2025-06-02 23:32:48,180000
APP-203059,2025-06-05 06:32:55,240000
APP-203060,2025-07-04 08:21:30,800000
APP-203062,2025-07-21 12:47:40,2500000
APP-203064,2025-05-31 01:49:00,2500000
APP-203065,2025-07-03 07:03:01,2500000
APP-203066,2025-07-04 23:32:08,3000000
APP-203070,2025-03-19 08:36:12,150000
APP-203071,2025-06-26 21:53:01,800000
APP-203073,2025-03-17 16:56:54,2000000
APP-203075,2025-06-20 12:08:54,300000
APP-203076,2025-02-26 10:32:38,120000
APP-203077,2025-04-12 20:04:28,640000
APP-203079,2025-08-02 13:50:54,1200000
APP-203080,2025-02-25 15:00:44,150000
APP-203081,2025-05-31 21:26:28,500000
APP-203082,2025-07-31 22:39:00,300000
APP-203085,2025-05-03 19:46:10,1200000
APP-203086,2025-03-07 01:52:39,300000
APP-203089,2025-04-27 23:38:44,1200000
APP-203091,2025-03-12 10:30:08,2000000
APP-203092,2025-06-12 08:01:46,2500000
APP-203093,2025-01-22 08:18:17,300000
APP-203094,2025-07-18 11:50:05,500000
APP-203095,2025-06-15 15:14:39,2500000
APP-203099,2025-02-05 10:23:25,150000
APP-203102,2025-06-10 01:23:18,1200000
APP-203104,2025-06-10 20:13:29,400000
APP-203106,2025-07-26 05:42:15,150000
APP-203107,2025-02-05 16:13:44,150000
APP-203108,2025-02-03 01:42:46,300000
APP-203109,2025-02-18 08:13:21,720000
APP-203115,2025-04-21 14:08:39,3000000
APP-203116,2025-03-08 00:04:10,180000
APP-203119,2025-03-02 16:56:25,500000
APP-203122,2025-04-27 23:02:40,90000
APP-203123,2025-01-25 07:08:15,1200000
APP-203124,2025-01-11 07:26:31,800000
APP-203126,2025-04-14 22:44:07,240000
APP-203127,2025-01-27 11:40:01,640000
APP-203128,2025-05-01 21:09:46,400000
APP-203129,2025-07-11 10:14:18,800000
APP-203132,2025-03-23 01:14:57,800000
APP-203133,2025-03-07 00:05:00,720000
APP-203134,2025-02-19 16:22:20,150000
APP-203136,2025-02-20 22:49:59,150000
APP-203142,2025-06-09 12:18:20,1200000
APP-203143,2025-07-22 14:13:34,2500000
APP-203144,2025-03-18 09:47:56,150000
APP-203145,2025-06-04 21:42:40,480000
APP-203146,2025-05-29 01:31:24,300000
APP-203147,2025-03-05 16:51:03,300000
APP-203148,2025-04-23 12:20:21,1500000
APP-203150,2025-06-03 07:50:37,480000
APP-203151,2025-08-01 12:44:53,720000
APP-203157,2025-04-29 02:20:15,400000
APP-203159,2025-02-27 12:24:07,500000
APP-203162,2025-06-01 23:32:48,800000
APP-203164,2025-03-16 21:11:32,300000
APP-203165,2025-06-16 20:02:24,1200000
APP-203166,2025-05-05 00:05:28,1200000
APP-203167,2025-01-09 07:45:43,960000
APP-203171,2025-03-03 22:24:03,240000
APP-203176,2025-03-19 04:50:07,90000
APP-203180,2025-07-18 00:41:53,960000
APP-203181,2025-06-17 18:53:28,1200000
APP-203182,2025-04-27 06:40:18,500000
APP-203183,2025-04-09 18:58:57,400000
APP-203184,2025-01-22 09:39:54,5000000
APP-203185,2025-05-23 18:58:50,480000
APP-203189,2025-05-11 09:08:04,500000
APP-203194,2025-06-15 09:27:32,800000
APP-203195,2025-05-27 08:58:44,2500000
APP-203197,2025-07-22 05:28:18,500000
APP-203201,2025-03-03 20:48:26,4000000
APP-203202,2025-05-13 10:25:57,2500000
APP-203203,2025-04-12 08:13:01,480000
APP-203204,2025-06-04 03:20:24,300000
APP-203205,2025-05-30 11:26:18,640000
APP-203206,2025-07-16 14:58:30,500000
APP-203207,2025-05-23 23:27:05,300000
APP-203208,2025-03-17 00:27:45,2000000
APP-203210,2025-01-25 03:16:59,400000
APP-203212,2025-03-28 03:26:02,720000
APP-203213,2025-06-24 03:07:51,4000000
APP-203214,2025-06-21 01:37:09,5000000
APP-203215,2025-04-29 15:33:13,2500000
APP-203218,2025-03-30 08:53:46,960000
APP-203222,2025-06-27 19:55:08,5000000
APP-203223,2025-04-12 03:36:29,150000
APP-203224,2025-03-17 23:53:32,800000
APP-203226,2025-04-03 03:12:18,300000
APP-203232,2025-03-22 14:23:58,180000
APP-203234,2025-03-03 14:17:43,800000
APP-203235,2025-04-04 18:30:11,800000
APP-203236,2025-04-18 08:22:22,640000
APP-203238,2025-05-08 19:10:28,2500000
APP-203239,2025-06-12 17:59:49,800000
APP-203240,2025-02-19 08:42:41,500000
APP-203242,2025-01-17 06:29:06,300000
APP-203243,2025-07-20 16:45:58,720000
APP-203244,2025-04-13 06:46:27,300000
APP-203246,2025-07-25 04:52:45,180000
APP-203247,2025-06-10 00:10:12,150000
APP-203249,2025-05-08 08:09:02,800000
APP-203251,2025-01-29 05:15:50,300000
APP-203252,2025-06-05 17:48:40,150000
APP-203253,2025-05-07 03:22:33,640000
APP-203256,2025-06-12 02:25:00,5000000
APP-203257,2025-05-22 18:55:28,2500000
APP-203258,2025-02-05 06:25:49,2500000
APP-203261,2025-05-05 18:04:13,800000
APP-203263,2025-03-08 21:31:57,5000000
APP-203267,2025-03-22 23:29:08,5000000
APP-203269,2025-08-04 04:32:44,2500000
APP-203272,2025-04-14 23:52:38,960000
APP-203273,2025-02-01 00:56:09,300000
APP-203277,2025-02-17 13:57:08,5000000
APP-203278,2025-05-08 09:06:43,640000
APP-203280,2025-06-21 16:51:31,120000
APP-203281,2025-05-31 19:37:46,1500000
APP-203282,2025-08-04 03:15:36,960000
APP-203283,2025-01-16 11:36:14,3000000
APP-203284,2025-02-03 05:17:56,500000
APP-203287,2025-07-18 19:54:22,300000
APP-203288,2025-08-07 03:27:29,800000
APP-203289,2025-06-01 20:37:48,90000
APP-203290,2025-04-05 08:34:57,2500000
APP-203295,2025-06-14 09:27:07,2000000
APP-203296,2025-01-28 18:09:49,300000
APP-203297,2025-03-20 06:13:35,800000
APP-203299,2025-04-08 23:26:17,400000
APP-203300,2025-05-17 02:50:29,500000
APP-203301,2025-07-22 02:58:33,2500000
APP-203302,2025-04-19 07:37:39,120000
APP-203304,2025-02-20 04:05:23,300000
APP-203305,2025-01-27 14:28:36,1200000
APP-203306,2025-04-11 21:40:03,90000
APP-203308,2025-02-12 02:10:18,240000
APP-203309,2025-08-05 14:14:49,5000000
APP-203310,2025-05-02 07:35:38,800000
APP-203312,2025-05-18 06:24:21,1200000
APP-203313,2025-05-06 11:48:21,480000
APP-203314,2025-07-31 06:26:35,640000
APP-203315,2025-05-19 05:02:49,240000
APP-203316,2025-04-25 11:38:19,1500000
APP-203317,2025-02-16 10:29:38,2500000
APP-203319,2025-07-29 08:53:44,300000
APP-203321,2025-03-17 10:40:13,800000
APP-203322,2025-02-01 20:39:24,3000000
APP-203323,2025-05-21 17:36:12,5000000
APP-203326,2025-07-15 15:35:41,180000
APP-203328,2025-03-17 07:14:04,960000
APP-203330,2025-07-05 07:04:19,150000
APP-203332,2025-04-16 00:46:44,180000
APP-203334,2025-06-28 23:05:49,400000
APP-203336,2025-04-14 19:52:07,4000000
APP-203339,2025-01-31 09:19:50,500000
APP-203340,2025-01-30 03:40:41,2500000
APP-203341,2025-03-20 01:13:48,300000
APP-203342,2025-04-30 04:55:00,300000
APP-203343,2025-03-26 13:29:27,300000
APP-203346,2025-04-26 12:38:13,800000
APP-203347,2025-04-28 23:27:06,90000
APP-203353,2025-04-09 21:38:24,960000
APP-203356,2025-07-31 00:50:42,5000000
APP-203360,2025-04-20 17:22:50,1500000
APP-203361,2025-05-25 23:46:18,5000000
APP-203362,2025-02-20 11:10:46,1200000
APP-203364,2025-08-02 12:33:53,1200000
APP-203365,2025-02-11 08:51:07,1200000
APP-203366,2025-04-27 01:58:44,500000
APP-203368,2025-03-25 03:06:57,1200000
APP-203372,2025-05-09 05:36:12,5000000
APP-203373,2025-01-18 08:24:29,300000
APP-203375,2025-05-15 00:01:44,720000
APP-203376,2025-06-17 17:40:11,120000
APP-203377,2025-06-25 06:32:00,500000
APP-203380,2025-06-29 12:50:29,240000
APP-203381,2025-02-21 23:56:34,500000
APP-203383,2025-06-13 16:57:48,960000
APP-203387,2025-01-24 20:57:07,240000
APP-203388,2025-04-25 16:21:00,480000
APP-203391,2025-02-26 23:00:23,1200000
APP-203393,2025-08-01 16:45:22,1200000
APP-203394,2025-08-05 02:53:59,2500000
APP-203395,2025-04-15 23:47:35,800000
APP-203396,2025-03-09 04:35:04,3000000
APP-203398,2025-07-29 03:54:41,150000
APP-203400,2025-04-11 18:58:27,300000
APP-203401,2025-06-04 11:36:02,500000
APP-203403,2025-07-03 10:13:34,2500000
APP-203404,2025-08-01 12:21:01,800000
APP-203406,2025-07-03 17:28:54,960000
APP-203407,2025-07-23 00:21:53,5000000
APP-203409,2025-08-03 05:09:53,500000
APP-203410,2025-06-29 04:56:55,150000
APP-203413,2025-02-11 10:21:08,300000
APP-203415,2025-05-29 15:45:06,300000
APP-203418,2025-03-31 20:54:49,300000
APP-203420,2025-03-23 14:17:10,800000
APP-203421,2025-06-27 03:00:51,2500000
APP-203423,2025-06-23 11:15:51,120000
APP-203424,2025-04-22 09:53:11,120000
APP-203430,2025-04-23 21:13:51,5000000
APP-203439,2025-02-11 21:44:14,2000000
APP-203440,2025-03-02 01:59:48,2500000
APP-203443,2025-02-24 05:35:33,1200000
APP-203444,2025-02-02 03:33:40,2500000
APP-203446,2025-07-28 16:26:13,800000
APP-203448,2025-03-27 07:21:41,2000000
APP-203449,2025-01-29 22:26:44,800000
APP-203452,2025-07-29 16:35:14,5000000
APP-203453,2025-06-13 04:47:34,300000
APP-203454,2025-06-27 14:19:04,90000
APP-203455,2025-05-19 11:20:37,2500000
APP-203457,2025-01-14 13:07:01,90000
APP-203458,2025-04-01 02:55:58,1200000
APP-203459,2025-01-25 21:58:14,640000
APP-203462,2025-06-10 21:41:12,500000
APP-203463,2025-02-28 18:05:15,5000000
APP-203465,2025-07-21 17:21:08,720000
APP-203466,2025-05-31 17:30:13,90000
APP-203467,2025-03-29 02:41:24,2500000
APP-203470,2025-06-07 16:19:53,150000
APP-203473,2025-03-04 10:36:10,150000
APP-203480,2025-02-18 19:42:54,1500000
APP-203481,2025-07-26 11:42:54,300000
APP-203482,2025-04-03 03:41:57,2500000
APP-203485,2025-03-19 16:43:24,4000000
APP-203486,2025-03-19 15:02:38,800000
APP-203489,2025-02-11 17:04:24,90000
APP-203490,2025-03-19 05:01:42,1200000
APP-203491,2025-02-24 04:51:39,90000
APP-203492,2025-02-26 12:14:59,500000
APP-203494,2025-04-27 10:39:49,960000
APP-203495,2025-04-03 13:39:40,150000
APP-203498,2025-01-26 20:58:45,180000
APP-203499,2025-02-23 04:02:46,2500000
APP-203504,2025-03-06 00:02:39,5000000
APP-203506,2025-03-08 05:50:41,5000000
APP-203507,2025-05-03 23:19:06,300000
APP-203509,2025-03-02 22:32:02,500000
APP-203511,2025-06-09 10:28:28,500000
APP-203513,2025-06-29 02:31:12,150000
APP-203514,2025-01-13 16:15:13,2500000
APP-203515,2025-08-03 07:51:30,3000000
APP-203517,2025-03-26 02:46:21,300000
APP-203518,2025-07-03 09:24:13,2500000
APP-203519,2025-02-27 21:38:18,5000000
APP-203520,2025-03-27 18:06:58,720000
APP-203522,2025-07-22 13:11:04,4000000
APP-203523,2025-03-27 12:30:08,150000
APP-203524,2025-03-07 01:58:30,2500000
APP-203525,2025-05-12 17:02:26,240000
APP-203527,2025-05-21 08:09:01,720000
APP-203528,2025-05-27 08:43:32,2500000
APP-203530,2025-04-24 12:35:09,180000
APP-203531,2025-01-31 07:01:02,240000
APP-203535,2025-07-29 07:15:33,2500000
APP-203536,2025-06-11 00:01:29,5000000
APP-203541,2025-06-13 19:48:14,400000
APP-203547,2025-02-28 06:58:33,300000
APP-203549,2025-06-27 20:10:36,800000
APP-203552,2025-06-20 06:02:10,90000
APP-203554,2025-06-24 16:59:13,90000
APP-203555,2025-02-11 23:49:46,1500000
APP-203556,2025-07-19 08:14:16,480000
APP-203558,2025-07-28 06:36:14,640000
APP-203561,2025-06-05 02:26:56,400000
APP-203562,2025-02-24 03:24:35,300000
APP-203563,2025-01-15 07:59:13,500000
APP-203564,2025-07-20 21:39:43,2500000
APP-203565,2025-08-06 11:34:29,240000
APP-203566,2025-02-03 04:33:50,720000
APP-203567,2025-05-20 10:27:33,800000
APP-203568,2025-03-09 07:27:14,1500000
APP-203569,2025-02-18 18:18:18,640000
APP-203570,2025-02-14 18:33:09,3000000
APP-203572,2025-07-21 11:51:08,300000
APP-203576,2025-06-27 06:27:18,800000
APP-203577,2025-04-27 04:50:06,960000
APP-203578,2025-04-17 22:46:41,5000000
APP-203581,2025-03-12 03:08:31,150000
APP-203583,2025-03-27 15:33:36,300000
APP-203584,2025-05-24 06:54:08,2500000
APP-203586,2025-05-23 06:04:46,4000000
APP-203589,2025-07-21 11:50:05,1200000
APP-203592,2025-07-30 01:16:52,720000
APP-203594,2025-02-10 13:51:26,960000
APP-203598,2025-06-13 11:23:27,300000
APP-203599,2025-07-08 19:03:36,800000
