id_клиента;возраст;доход_тыс_руб;средний_остаток_тыс_руб;операций_в_месяц;доля_цифровых_операций
102923;55;253;1728;40;0,89
101464;54;199;2710;14;0,26
100678;27;107;207;59;0,87
102441;56;160;229;25;0,81
102392;52;182;1701;39;0,92
102581;53;208;1867;37;0,94
101684;56;177;2779;17;0,24
101988;49;152;2711;16;0,17
100650;30;75;6;42;0,81
101146;24;89;122;71;0,90
102193;55;208;1944;44;0,90
102869;55;246;1098;61;0,89
100653;30;119;58;40;0,83
100079;29;93;227;38;0,86
101781;53;274;2479;25;0,32
100776;31;92;153;41;0,78
100263;35;106;86;74;0,92
101443;49;259;403;11;0,12
100764;34;64;205;52;0,93
102791;52;152;2391;42;0,89
101968;50;287;1567;14;0,03
100999;33;124;71;35;0,76
101771;62;244;1428;16;0,33
102813;42;216;1392;37;0,90
101756;61;212;2336;18;0,12
101042;26;94;93;54;0,88
102205;57;291;1529;35;0,90
101164;31;132;74;37;0,75
100735;30;90;57;39;0,78
101647;54;219;1641;7;0,09
102079;42;263;1592;32;0,84
102200;39;268;1587;22;0,79
101302;65;180;2093;9;0,40
102275;58;209;857;15;0,92
101463;61;285;2190;15;0,20
101619;51;165;2938;15;0,20
102279;51;220;1768;46;0,99
100095;30;83;99;59;0,91
100267;25;81;89;31;0,82
100039;32;110;156;68;0,99
100123;28;106;86;50;0,85
100854;31;110;185;36;0,82
102341;46;192;380;38;0,88
101092;33;131;107;49;0,90
100856;25;84;142;72;0,84
102336;55;249;1859;27;0,86
102098;52;197;1211;45;0,82
102208;53;229;1916;31;0,84
102220;48;175;1325;23;0,91
101439;47;210;1401;24;0,12
100811;24;96;154;41;0,83
100572;30;134;109;49;0,90
100896;32;94;216;42;0,82
101118;27;94;98;62;0,89
102395;49;190;1241;58;0,87
102829;47;306;1655;41;0,92
102116;49;194;1366;46;0,82
100672;34;100;7;85;0,87
102064;51;184;1344;38;0,84
101767;58;255;2436;20;0,35
101685;58;244;1666;11;0,23
100612;30;93;148;50;0,79
100610;29;85;194;78;0,80
101960;49;227;1554;11;0,37
101843;64;216;1187;22;0,18
100009;26;111;82;48;0,78
101668;55;183;1626;8;0,17
100376;21;119;199;56;0,79
101923;49;163;2016;13;0,30
101066;32;108;105;48;0,95
100177;33;91;95;34;0,72
101320;68;232;2563;15;0,23
100674;31;95;156;48;0,88
102960;59;217;1467;44;0,81
100424;22;99;105;41;0,92
100440;29;94;92;53;0,89
100516;25;82;106;47;0,77
100436;28;86;92;52;0,72
102410;49;274;1278;38;0,85
100761;28;123;129;51;0,89
100420;29;118;177;34;0,94
102124;58;226;2204;40;0,99
101421;58;175;2050;17;0,23
101546;59;199;1432;14;0,32
102887;57;239;1557;52;0,79
102324;37;158;1048;23;0,73
100041;31;94;118;53;0,70
100429;34;61;117;39;0,84
101965;54;276;1760;8;0,24
100550;30;128;225;51;0,99
100178;30;121;106;58;0,90
102104;43;207;1169;45;0,81
101177;33;146;107;55;0,88
102391;51;218;1098;29;0,83
100562;34;84;123;55;0,96
102964;50;248;546;28;0,97
102373;50;270;1341;42;0,93
100630;31;109;106;40;0,93
100319;31;103;77;42;0,86
102998;45;187;773;36;0,76
100645;29;95;237;58;0,90
102948;44;288;1794;49;0,79
100679;35;79;97;28;0,94
102030;53;204;1838;30;0,76
100141;33;107;147;39;0,84
101660;56;246;1408;18;0,34
100258;27;89;216;59;0,84
101854;53;198;1348;15;0,22
102119;51;228;605;37;0,78
102213;43;281;1460;34;0,89
100769;26;78;261;38;0,81
101981;49;177;2265;20;0,28
102977;58;153;1298;25;0,81
101292;36;116;99;16;0,82
100867;27;107;163;32;0,90
101155;24;94;139;31;0,85
102179;47;229;1166;34;0,76
102848;42;241;1062;39;0,94
100226;25;71;106;26;0,84
101112;26;92;245;47;0,84
101454;45;274;2593;14;0,19
100324;24;79;140;42;0,98
100363;33;81;41;31;0,90
101802;52;211;1819;6;0,33
100012;32;72;81;56;0,82
102812;47;147;1101;28;0,85
100133;31;84;204;39;0,87
101615;58;230;2103;13;0,27
102931;38;228;1209;41;0,91
101614;61;212;2297;15;0,46
100112;26;110;85;55;0,94
101129;35;109;136;68;0,86
101762;45;250;2560;11;0,26
102570;47;238;1754;31;0,85
102482;45;227;281;37;0,87
102343;54;286;461;45;0,85
102637;47;257;2040;33;0,85
101338;54;213;1065;12;0,38
102892;53;292;1281;50;0,70
101850;51;140;2194;21;0,33
100201;29;98;66;62;0,80
102273;49;149;228;30;0,98
101741;61;334;1874;11;0,35
102243;50;211;1636;37;0,72
102769;57;204;660;47;0,83
102398;50;194;1866;38;0,91
100530;30;108;88;38;0,88
100091;29;95;130;42;0,89
100033;24;119;69;55;0,99
102866;51;165;982;49;0,83
100345;21;107;129;26;0,87
101344;55;239;1930;18;0,35
102105;50;164;1447;38;0,95
102239;52;214;1574;26;0,80
102447;48;162;1344;41;0,90
100963;33;108;205;54;0,89
102237;54;186;1528;47;0,79
102158;44;148;1393;33;0,76
100853;32;106;91;40;0,90
101806;52;265;1797;14;0,32
101206;32;109;229;57;0,99
102979;62;120;1243;41;0,91
101954;56;252;2400;17;0,38
102704;53;240;1066;45;0,72
101948;57;193;1423;20;0,08
100609;26;73;137;51;0,86
100752;29;114;177;33;0,78
100250;24;75;203;46;0,87
101157;31;112;90;33;0,85
100394;26;96;137;46;0,84
102888;43;205;885;12;0,94
102390;55;254;932;33;0,94
101655;58;303;1239;22;0,34
101570;44;261;2129;7;0,26
100126;27;78;101;24;0,99
101728;41;169;1070;7;0,20
101085;27;110;84;42;0,94
102766;50;195;965;38;0,88
102608;59;212;1235;37;0,85
102150;49;230;1959;33;0,78
102743;49;196;1481;29;0,83
100598;28;60;7;37;0,85
102172;45;236;1526;49;0,82
101105;21;109;118;52;0,72
101335;54;291;1061;6;0,33
102449;47;183;965;30;0,74
101186;30;91;33;59;0,74
101819;58;288;1047;16;0,18
100245;32;98;129;47;0,92
102440;46;247;1841;38;0,93
102572;52;263;880;34;0,87
101127;26;83;166;64;0,99
101674;53;257;1902;16;0,19
102127;38;248;1614;48;0,80
100965;29;78;121;37;0,88
102013;52;252;1087;41;0,87
102168;46;121;1552;54;0,81
102654;50;268;2315;48;0,80
100002;29;111;121;51;0,85
102355;50;193;5;36;0,78
101161;29;37;38;50;0,93
100357;28;137;177;30;0,92
102593;45;189;1113;22;0,77
100127;29;108;190;48;0,78
101568;45;171;1972;18;0,11
100213;26;93;121;54;0,83
101214;29;62;83;45;0,84
102133;48;212;1837;42;0,85
101151;33;88;5;36;0,85
100705;24;82;176;54;0,93
102980;43;246;1135;34;0,84
101481;54;315;1169;14;0,20
101537;52;271;1995;10;0,40
102218;60;229;2260;25;0,84
101995;55;294;1925;8;0,02
102741;52;262;1376;18;0,80
101521;66;239;2484;15;0,28
101370;52;216;1935;17;0,17
100831;36;112;147;44;0,89
101863;55;226;1175;9;0,27
100104;24;127;126;34;0,90
102936;54;176;444;22;0,94
100778;31;117;99;47;0,99
101125;34;125;133;35;0,86
101260;33;86;153;53;0,90
100524;22;86;149;39;0,82
100803;25;115;211;41;0,92
100396;22;86;114;53;0,91
100284;21;82;77;25;0,79
101444;59;220;2725;11;0,23
100434;29;103;134;53;0,93
102567;49;294;1474;25;0,87
101906;50;194;1697;20;0,29
100818;23;95;151;52;0,99
102910;43;182;1639;51;0,99
102701;55;186;1360;50;0,73
102075;46;132;430;35;0,78
102705;48;271;2034;28;0,88
100489;22;85;123;49;0,83
102631;54;202;1688;19;0,78
100975;27;122;170;59;0,81
102961;52;189;1970;38;0,91
102792;51;218;1041;32;0,86
101478;55;170;1872;19;0,23
100071;30;76;146;41;0,86
101426;49;232;1925;9;0,08
100757;31;85;139;49;0,97
101494;61;184;1225;22;0,24
101286;26;106;107;33;0,80
102779;49;196;1559;32;0,74
102451;54;214;1895;37;0,97
102563;53;208;947;37;0,80
101109;30;57;97;48;0,80
102054;44;257;506;41;0,88
102522;38;237;1520;61;0,95
100356;28;78;178;51;0,94
102264;52;190;1161;41;0,81
101855;62;118;2054;12;0,19
100663;25;87;228;34;0,76
100655;30;106;81;58;0,86
101318;55;195;2692;7;0,29
102604;55;271;890;38;0,75
100055;25;106;98;43;0,80
101347;55;282;3336;20;0,31
101758;54;174;1916;7;0,23
100587;37;86;79;46;0,82
102733;47;209;1066;28;0,89
101294;31;77;248;57;0,81
101050;34;104;82;48;0,81
101679;56;309;2932;11;0,35
101330;53;264;2439;15;0,09
100474;28;128;138;57;0,82
101704;54;232;1388;12;0,14
102558;45;257;1688;42;0,78
102049;52;222;1040;44;0,92
101729;51;311;1290;20;0,22
102937;53;234;1683;44;0,79
102532;48;205;1416;32;0,83
100654;22;119;170;34;0,92
101110;21;106;61;28;0,99
101608;62;251;2170;14;0,28
102197;51;180;1217;27;0,82
101283;26;106;105;35;0,84
102690;57;235;967;31;0,71
100276;32;123;121;51;0,97
101557;55;170;2429;9;0,20
101805;58;294;2414;18;0,34
101817;52;195;786;12;0,32
100495;26;93;190;34;0,86
100260;30;106;154;21;0,78
102212;48;133;1376;40;0,99
101931;63;227;1066;6;0,37
101707;54;224;1708;18;0,21
102003;49;164;1191;40;0,99
101832;47;264;2160;14;0,32
102571;49;146;1197;43;0,87
102691;49;219;1518;35;0,88
100008;36;97;35;33;0,95
102668;56;213;1246;35;0,77
102235;51;219;2152;45;0,75
101937;54;217;2194;12;0,26
100118;35;71;23;62;0,82
102271;50;188;2072;37;0,93
101959;51;197;1183;13;0,25
101332;55;155;2138;17;0,12
100246;27;121;130;40;0,82
101468;54;256;1463;10;0,40
100311;32;87;88;38;0,94
102903;50;236;1549;42;0,95
100825;28;71;146;40;0,74
101054;28;69;152;51;0,79
102461;52;280;1508;17;0,88
100843;23;129;268;47;0,88
102455;48;201;1459;29;0,78
102748;41;258;1311;33;0,85
102821;48;238;1405;61;0,84
100182;27;127;70;55;0,84
102456;51;209;1592;48;0,84
102497;45;211;1025;41;0,80
102471;55;195;2025;35;0,88
102580;44;255;1819;55;0,81
102120;55;141;590;56;0,86
102411;43;268;1408;35;0,99
100733;32;107;219;54;0,94
100085;30;146;212;44;0,91
100448;37;100;124;52;0,91
100297;23;82;5;54;0,88
101456;52;196;1482;8;0,30
100648;32;120;191;45;0,82
101296;26;102;27;28;0,99
102975;55;238;1534;39;0,79
101913;51;257;1376;18;0,16
100765;25;90;100;55;0,94
102686;53;226;1260;49;0,88
101249;31;129;135;33;0,99
102670;48;203;2736;18;0,90
100352;33;121;53;60;0,77
102884;50;176;2033;27;0,80
101323;55;280;1996;14;0,23
102515;43;201;1600;30;0,77
101407;48;252;1415;8;0,21
102971;54;195;1615;35;0,70
100711;31;91;70;40;0,84
102968;54;202;1873;36;0,80
100717;33;88;165;71;0,85
101852;57;202;1862;9;0,29
100073;31;76;49;30;0,78
102265;36;205;1816;40;0,85
100720;32;87;94;46;0,76
102915;49;291;1186;37;0,94
101265;27;71;169;47;0,90
100569;33;101;112;40;0,96
100070;21;86;140;32;0,80
101312;48;234;2118;19;0,20
100163;23;128;5;54;0,83
101357;52;251;1244;3;0,38
102266;54;183;944;22;0,78
100531;30;101;148;67;0,97
102315;51;204;1388;54;0,79
100935;28;91;61;46;0,87
101399;54;183;1008;5;0,13
100827;21;132;62;45;0,70
100172;28;104;79;31;0,90
102765;44;180;2081;53;0,94
101715;56;230;1879;21;0,14
102097;47;182;643;28;0,93
101046;31;106;11;44;0,89
101364;49;196;1351;19;0,05
102077;41;188;1653;16;0,80
102024;44;217;1941;49;0,74
102818;52;198;1249;42;0,83
100487;21;62;14;42;0,89
100960;35;124;167;53;0,95
101331;58;255;1336;11;0,29
101475;61;306;2075;13;0,13
100946;28;101;129;34;0,83
102959;56;202;905;31;0,80
100909;32;118;111;50;0,91
101784;65;270;2006;22;0,36
102422;39;165;1536;54;0,83
102157;46;228;1335;47;0,72
102600;48;273;457;41;0,90
100372;32;121;166;53;0,66
102912;50;289;1438;34;0,83
102810;52;186;1894;26;0,90
102285;50;173;1248;35;0,78
100710;26;124;164;29;0,91
102396;43;257;1806;30;0,66
102692;41;234;1819;28;0,98
101847;57;231;548;16;0,29
100437;24;114;186;41;0,77
101512;52;277;1289;15;0,18
101706;49;228;1895;7;0,31
100554;29;95;154;54;0,90
102889;50;238;976;48;0,88
102710;40;201;1432;45;0,83
102696;56;250;1830;51;0,78
102603;47;261;2069;37;0,76
102757;45;236;1623;39;0,93
100265;24;78;156;36;0,92
101123;22;101;22;48;0,90
101381;48;262;1448;11;0,34
101159;31;106;181;64;0,96
101138;31;60;145;42;0,88
100468;33;102;24;50;0,83
100944;26;117;266;22;0,88
101287;21;130;5;27;0,91
101740;47;204;2511;18;0,07
101277;28;95;224;38;0,91
102595;49;235;1115;46;0,80
101516;54;182;2213;14;0,34
100681;27;48;65;46;0,83
100588;32;77;97;42;0,90
102164;49;233;1046;35;0,87
100894;29;127;92;43;0,80
102552;56;198;1514;43;0,83
102774;46;174;1534;41;0,67
100281;27;146;224;56;0,89
101097;27;130;232;53;0,81
100321;37;103;168;41;0,84
100314;28;57;151;52;0,89
100989;28;82;135;42;0,81
102131;59;160;1574;35;0,93
101256;35;105;148;48;0,88
102492;47;210;1179;29;0,86
100238;22;80;195;58;0,71
102109;42;232;2117;38;0,78
100835;32;103;96;46;0,88
100056;24;83;133;42;0,89
101695;57;224;901;14;0,07
100555;29;128;152;32;0,68
101822;58;289;1510;19;0,25
102033;53;201;1294;36;0,82
101008;29;91;149;49;0,89
100140;28;73;111;47;0,75
101185;33;134;201;38;0,84
101536;55;169;2507;7;0,22
101172;30;101;121;53;0,93
101865;56;248;1142;14;0,27
101638;49;195;2320;9;0,19
100457;27;72;138;51;0,88
102881;49;219;736;30;0,90
100361;29;114;168;51;0,81
101362;58;309;2053;15;0,22
101317;50;160;2351;10;0,39
100660;37;83;183;32;0,90
102541;50;241;1287;50;0,89
100442;29;115;53;25;0,84
102816;52;295;1757;40;0,82
100915;30;98;203;34;0,72
102499;45;211;1791;27;0,89
102129;42;237;1606;31;0,97
101213;22;117;155;40;0,79
100566;34;143;116;45;0,75
102530;56;266;1445;54;0,76
101048;26;78;24;52;0,90
102228;56;177;1132;42;0,80
101934;53;243;1603;15;0,25
100418;35;118;122;58;0,95
100988;24;102;87;42;0,82
102790;53;201;705;26;0,95
101530;59;259;1545;13;0,25
101329;47;197;1910;11;0,36
100556;28;104;161;42;0,90
101662;49;161;1470;11;0,18
102389;52;214;1781;29;0,81
101158;28;105;41;39;0,77
100911;26;104;189;29;0,90
101485;59;259;2228;16;0,22
102022;55;242;792;24;0,87
101063;30;98;198;58;0,95
102574;50;225;1776;45;0,79
102782;58;249;2032;24;0,79
101694;55;156;2049;10;0,46
101788;50;216;2788;15;0,02
100053;29;77;77;50;0,87
101939;55;218;2697;16;0,32
102361;52;212;1073;27;0,72
100901;21;108;112;35;0,87
102329;39;178;1083;42;0,78
102448;58;199;1336;53;0,85
102006;55;200;1645;27;0,83
102872;44;160;1171;27;0,80
101593;52;301;2476;16;0,24
101578;55;183;2026;16;0,22
102783;48;187;2229;35;0,89
101374;59;266;2065;11;0,19
100937;24;61;225;43;0,88
101305;53;210;2213;9;0,08
101714;60;274;2567;12;0,36
102409;47;253;1742;42;0,81
101979;48;238;1459;13;0,38
101896;53;263;1914;9;0,40
100641;28;100;242;54;0,86
100461;30;86;5;44;0,85
102662;47;225;1344;41;0,77
103000;60;189;948;38;0,89
102896;44;186;1290;32;0,75
102557;56;232;1219;50;0,78
101166;27;103;175;59;0,91
102708;47;211;1738;38;0,86
100227;30;87;5;74;0,84
100770;27;92;188;38;0,92
100923;27;100;63;37;0,87
101391;49;239;1919;10;0,10
101665;46;255;1321;14;0,10
102992;41;208;514;30;0,79
101358;47;233;2491;11;0,17
101653;56;321;2290;18;0,34
100987;29;60;115;45;0,97
100972;33;77;170;36;0,90
100416;31;55;116;48;0,85
101051;29;142;95;41;0,79
100819;27;113;74;61;0,75
102290;44;248;1018;34;0,94
102924;46;251;2202;37;0,85
101630;50;319;1874;17;0,24
101531;49;263;3020;2;0,35
100262;23;70;77;45;0,94
102777;48;202;2136;37;0,82
101077;29;91;147;58;0,79
101511;49;216;1583;15;0,24
100945;22;73;58;28;0,99
101349;49;218;1970;13;0,21
101697;58;157;2519;14;0,10
100589;25;98;91;42;0,92
101780;46;254;2164;8;0,28
100518;25;92;150;49;0,92
101480;50;242;3567;18;0,27
100938;21;118;38;29;0,86
101368;57;243;1668;14;0,20
102144;43;147;1843;40;0,80
101182;36;91;143;59;0,96
102130;49;242;1367;34;0,84
102667;47;211;1239;51;0,80
101144;33;49;66;45;0,92
100907;31;72;178;33;0,83
102905;42;155;1696;42;0,83
102137;49;182;558;24;0,85
102539;47;223;754;44;0,84
100499;22;109;70;47;0,86
101956;57;246;2963;14;0,18
100223;29;103;166;62;0,89
100509;32;90;182;55;0,97
102206;49;192;884;30;0,73
100460;26;66;220;52;0,88
101395;53;157;1385;5;0,33
100617;25;141;94;45;0,88
100649;32;79;135;54;0,79
101377;52;264;1875;16;0,29
102739;46;261;2456;37;0,77
101868;45;297;2144;18;0,33
102021;44;287;1243;50;0,88
101848;56;329;1410;16;0,29
100377;30;70;20;41;0,82
101528;50;271;1071;4;0,25
100850;21;87;135;45;0,91
102111;58;201;1925;39;0,75
100961;28;85;111;61;0,86
100199;25;130;116;55;0,94
100668;31;83;91;56;0,72
101229;29;85;126;44;0,88
101307;62;182;2384;22;0,19
101713;53;262;1030;15;0,24
100237;25;120;175;64;0,90
100861;27;105;108;29;0,96
102579;49;179;1060;39;0,93
100180;30;104;144;57;0,87
100344;27;81;173;47;0,80
102589;56;161;718;48;0,94
101403;56;250;1156;6;0,23
102904;50;224;1834;36;0,79
100234;31;83;152;62;0,84
100061;28;84;79;79;0,87
100906;31;82;157;36;0,88
101200;26;120;168;35;0,99
101169;33;107;100;39;0,87
102059;47;188;1282;37;0,86
100929;26;75;136;69;0,82
102951;50;141;381;30;0,77
100207;28;117;173;34;0,77
100986;33;85;78;35;0,93
101696;57;257;2427;10;0,23
100046;33;105;90;54;0,93
102335;58;226;2275;37;0,88
100052;24;90;116;35;0,81
101041;27;112;213;46;0,90
101509;51;253;1451;19;0,32
101609;55;154;1161;15;0,28
102330;46;214;1925;32;0,79
102387;53;243;1615;29;0,76
101690;47;195;1673;17;0,10
101622;47;257;875;9;0,15
102981;50;204;1452;44;0,74
102798;53;243;1065;30;0,79
100084;32;98;162;46;0,83
102278;49;205;1527;32;0,79
101828;62;208;1618;11;0,18
102528;50;220;772;40;0,83
100684;27;72;96;51;0,85
100956;27;90;150;74;0,85
100004;31;123;102;58;0,85
100458;30;98;117;44;0,83
102747;46;184;1375;47;0,79
100068;33;110;228;63;0,79
100949;26;94;108;42;0,93
102100;46;244;1697;53;0,98
100772;28;78;40;57;0,89
100465;25;108;107;46;0,74
102369;51;229;1156;28;0,99
102375;42;282;1336;36;0,86
102501;48;182;599;33;0,88
102857;58;250;1137;49;0,74
100109;26;53;86;67;0,93
101243;33;115;107;71;0,82
102096;43;227;1266;38;0,89
100608;31;87;152;38;0,86
101343;52;222;1561;20;0,33
100926;34;104;93;51;0,76
100908;24;96;95;34;0,85
101230;37;63;179;36;0,73
102125;55;198;1540;28;0,74
101621;50;237;1662;8;0,29
101551;64;258;1302;17;0,23
100723;31;86;96;51;0,84
102514;56;222;1825;34;0,79
101738;61;242;2233;15;0,18
101380;50;273;918;6;0,31
100625;32;110;82;55;0,84
102452;56;160;1382;48;0,95
101084;36;98;184;40;0,94
102472;49;215;1504;54;0,96
101702;50;206;1433;10;0,19
101710;58;265;1903;11;0,30
100541;35;91;236;34;0,94
102649;49;200;1699;27;0,87
102745;44;265;1262;49;0,99
100353;29;74;71;39;0,86
101945;42;240;2398;14;0,12
100277;38;96;85;58;0,90
102333;48;243;812;56;0,82
101140;36;103;5;48;0,89
101093;21;67;5;49;0,79
102300;49;209;1838;27;0,78
101215;27;89;133;73;0,83
100801;30;74;5;54;0,92
100355;30;75;88;49;0,81
101111;30;89;169;55;0,78
101156;32;96;95;56;0,82
100417;23;129;99;28;0,98
102027;50;240;1686;20;0,84
100940;39;66;212;52;0,70
101851;53;125;1972;14;0,11
100097;30;106;124;38;0,84
101949;55;245;1382;26;0,29
101345;56;155;1526;17;0,31
102657;53;170;1458;58;0,88
100019;26;72;19;38;0,79
101269;28;109;78;33;0,88
100378;32;124;96;26;0,69
102294;50;252;2510;22;0,92
102824;53;228;774;39;0,92
100431;32;91;141;37;0,80
100939;25;73;122;51;0,90
102542;51;231;1766;27;0,72
101076;28;118;114;32;0,70
102418;46;250;1447;41;0,90
101217;32;106;249;49;0,87
101352;60;258;1730;6;0,14
102161;60;177;1911;39;0,78
102714;45;206;1296;33;0,71
101007;27;104;102;38;0,87
100308;35;76;74;67;0,87
100336;28;124;165;46;0,94
101290;25;83;150;55;0,85
100296;28;102;50;28;0,98
100005;33;112;68;46;0,80
102443;41;172;788;20;0,81
102014;40;238;1033;34;0,95
100393;22;104;139;58;0,79
101542;44;246;2093;19;0,30
100062;25;108;6;52;0,77
101098;30;67;84;35;0,69
102146;53;242;1646;44;0,89
101577;58;248;2352;15;0,24
102805;48;232;2606;25;0,81
102737;39;212;645;36;0,82
100350;29;103;61;46;0,86
102362;53;205;697;26;0,91
100725;26;101;117;60;0,83
101628;58;204;1657;12;0,25
100501;30;63;233;67;0,87
100438;26;92;209;37;0,88
101499;64;203;2248;22;0,21
102371;58;268;1999;63;0,92
102947;54;288;2202;42;0,88
101932;56;256;2238;9;0,23
101355;48;242;1540;6;0,19
101223;29;71;181;37;0,88
102749;50;219;2145;36;0,95
100063;30;98;228;26;0,87
101505;56;211;2229;18;0,20
101520;43;303;1873;19;0,14
102088;55;154;834;50;0,89
102463;51;207;971;56;0,93
102555;54;218;798;27;0,88
101585;51;251;2227;5;0,08
100994;25;89;229;36;0,80
102638;51;215;1436;46;0,76
102352;52;182;90;39;0,79
102909;53;177;1283;48;0,86
102149;49;156;1295;45;0,87
100170;26;100;110;22;0,85
100169;27;80;214;59;0,66
101751;54;201;1925;21;0,28
100970;29;126;6;44;0,87
100449;32;87;136;38;0,80
101072;23;81;80;21;0,84
100315;23;124;11;39;0,98
102427;54;196;2028;44;0,88
102786;52;243;522;35;0,75
102407;49;150;1227;40;0,81
101033;30;92;88;50;0,95
100731;27;88;140;18;0,95
100599;23;81;140;21;0,82
101237;25;55;254;56;0,80
101458;55;248;2783;15;0,30
102727;50;183;2064;52;0,78
101919;59;227;1892;15;0,39
100708;31;73;94;65;0,75
101388;46;220;2255;15;0,32
101589;54;184;2585;9;0,23
101141;28;58;53;23;0,98
100030;22;83;112;58;0,86
102459;54;173;1610;50;0,86
101025;26;92;45;46;0,99
101632;57;243;1040;6;0,26
102795;51;230;1749;33;0,88
101588;52;162;2520;6;0,17
102575;52;227;1453;31;0,83
102159;54;196;1901;34;0,87
100813;25;82;206;44;0,82
100571;28;60;22;41;0,89
101029;32;81;119;35;0,98
101035;26;112;65;37;0,94
102261;55;163;1340;39;0,63
101126;36;78;156;46;0,87
101816;60;230;2794;7;0,05
100025;27;67;124;58;0,85
100275;29;70;109;41;0,86
101926;53;298;1459;7;0,30
100407;31;84;110;44;0,86
102963;50;231;1610;31;0,82
102582;49;284;1789;20;0,89
101232;27;110;91;49;0,91
102781;51;165;1346;35;0,76
102928;46;271;1195;30;0,80
100741;34;70;113;53;0,68
102382;45;151;1431;37;0,69
102303;50;190;461;41;0,89
100273;26;59;130;32;0,87
101392;53;199;1654;22;0,09
102703;52;238;550;28;0,78
101766;55;249;917;6;0,25
100492;24;106;46;35;0,73
100690;27;84;26;28;0,84
102633;47;246;1597;43;0,72
100738;32;110;204;50;0,78
100301;28;77;37;50;0,94
102599;40;249;2531;33;0,88
100979;29;70;85;46;0,82
101350;59;243;831;11;0,29
100256;23;114;187;63;0,95
100695;21;73;49;49;0,85
101670;54;206;1832;20;0,29
102785;53;218;1785;25;0,86
100902;28;88;260;57;0,84
100365;30;149;96;34;0,92
100592;29;58;159;46;0,99
101346;54;247;2653;6;0,27
100629;35;93;127;38;0,91
102154;50;212;1269;43;0,87
101413;56;311;845;17;0,27
100534;28;135;52;51;0,88
101749;50;185;2634;20;0,31
102215;49;258;1345;45;0,79
102058;47;241;1706;32;0,75
100535;29;53;183;39;0,94
101165;26;75;101;59;0,96
102246;54;227;1506;37;0,79
101733;55;163;2951;24;0,28
101010;31;114;174;57;0,89
102511;49;245;665;42;0,93
100622;26;108;102;71;0,94
101649;65;221;1589;17;0,19
101483;56;245;2155;11;0,07
102374;56;223;1069;57;0,81
100146;27;71;130;53;0,92
101204;27;53;207;23;0,87
101753;51;292;1479;8;0,11
101510;48;294;2732;23;0,31
102634;50;229;2446;47;0,86
100816;29;125;164;52;0,85
102861;47;199;1516;43;0,73
101202;26;81;131;51;0,80
101824;54;245;1142;10;0,26
101108;34;63;104;59;0,88
102609;48;180;1157;24;0,85
102642;52;145;1399;41;0,88
101298;26;121;130;45;0,95
101869;50;276;1125;24;0,39
100252;26;95;137;51;0,80
100362;27;70;113;20;0,95
102038;53;251;2248;55;0,90
101371;53;257;979;18;0,20
102648;39;185;1139;38;0,88
102577;38;227;1006;59;0,94
100447;28;90;50;50;0,92
101247;24;116;198;49;0,82
101845;52;269;1595;17;0,14
100327;31;119;67;57;0,79
102953;51;185;1262;23;0,75
101467;53;139;775;8;0,14
101115;31;89;100;30;0,84
100822;34;103;27;58;0,89
100057;35;85;193;40;0,97
100917;27;84;143;40;0,75
100075;30;114;117;66;0,84
101548;54;188;1346;18;0,39
101730;53;184;1866;6;0,31
102023;50;223;758;50;0,91
101459;60;223;1988;12;0,24
101174;29;83;165;43;0,85
100017;26;116;97;57;0,88
100664;30;87;80;47;0,97
101810;56;270;2191;16;0,30
100471;32;96;152;59;0,77
101333;62;240;2139;21;0,22
102560;52;258;924;45;0,99
102397;48;206;1437;46;0,87
102274;51;193;548;36;0,69
100036;34;52;160;42;0,86
100931;35;80;200;51;0,86
100174;28;106;95;16;0,79
102256;46;236;1628;43;0,72
101190;37;136;150;37;0,87
100346;31;87;58;63;0,88
102227;55;227;749;37;0,87
102762;48;205;1327;34;0,88
100081;21;91;145;61;0,81
100862;28;99;127;41;0,76
100037;30;94;250;35;0,85
100727;26;63;62;82;0,88
102402;46;161;1173;54;0,87
100136;30;106;156;45;0,85
101228;22;118;202;53;0,90
102591;48;204;1548;48;0,85
101803;47;228;1901;10;0,35
100504;33;110;18;36;0,86
102982;45;198;2163;42;0,83
101765;63;230;1948;7;0,35
100620;27;112;193;40;0,89
102504;47;242;1206;41;0,86
100058;32;99;103;55;0,93
102993;45;178;1419;41;0,83
102738;55;217;1438;21;0,83
101605;49;196;2127;9;0,29
102460;53;202;1371;38;0,79
102203;45;237;1685;35;0,89
100093;24;103;220;35;0,67
100844;27;94;102;52;0,75
102488;51;197;1166;37;0,85
102071;50;193;1825;37;0,90
102547;49;233;2083;41;0,83
100713;31;81;41;32;0,80
100952;27;71;57;38;0,81
101103;35;120;283;28;0,89
101964;51;279;1856;8;0,35
100881;22;119;60;34;0,86
102232;52;205;362;35;0,84
102454;46;252;1304;26;0,74
102301;58;217;878;30;0,69
102478;43;191;704;45;0,81
101438;57;243;2009;12;0,22
102255;42;173;1439;34;0,93
102618;50;191;665;32;0,80
100392;28;104;111;31;0,90
102436;54;140;1077;46;0,90
100611;28;109;5;55;0,92
100309;27;65;125;35;0,88
100150;34;104;62;45;0,81
102338;47;219;733;23;0,80
100615;30;77;129;44;0,94
101635;44;258;2742;11;0,40
100390;27;85;5;39;0,81
100444;25;66;250;47;0,81
101369;52;202;2137;7;0,18
102773;62;261;1122;29;0,92
102509;51;248;1255;44;0,91
102163;47;235;2078;35;0,73
102876;53;275;1033;20;0,89
102198;51;196;1593;49;0,83
101280;36;113;188;52;0,94
101416;55;228;1899;13;0,44
100878;28;99;120;57;0,80
101858;48;236;1063;14;0,37
100670;23;79;143;73;0,84
102957;51;250;2584;54;0,67
101633;52;313;603;18;0,27
101792;60;246;689;17;0,12
101457;48;214;2425;21;0,29
101453;54;234;2169;12;0,23
101271;23;108;124;18;0,67
100379;23;93;18;31;0,89
101867;48;240;2467;6;0,16
101925;56;199;1673;15;0,20
102586;48;178;655;28;0,81
100715;21;60;5;68;0,95
102755;51;155;436;54;0,80
100511;30;80;115;56;0,99
101579;49;198;2087;12;0,21
102988;46;186;1853;57;0,85
100992;27;101;146;56;0,99
102453;57;223;1871;45;0,82
102214;46;168;1709;42;0,73
100359;25;101;129;58;0,87
102731;46;206;1328;13;0,83
100483;27;98;104;56;0,98
100024;26;102;126;33;0,78
100323;29;85;64;74;0,80
101145;31;95;153;48;0,88
102147;44;190;671;17;0,91
101921;54;270;2274;14;0,14
102304;42;193;1439;42;0,88
101871;64;204;2762;17;0,15
101060;29;73;186;47;0,89
102507;43;216;1143;33;0,96
101018;24;97;169;50;0,83
102297;52;224;1532;37;0,77
102656;46;215;756;37;0,69
100254;25;97;219;38;0,86
102787;45;224;213;35;0,76
101359;54;245;2263;18;0,22
101778;52;198;1401;19;0,14
102325;44;234;1436;30;0,97
102676;42;230;1452;37;0,81
102082;53;147;2221;48;0,70
101373;56;238;1995;17;0,28
100982;27;126;82;51;0,99
100349;28;74;169;50;0,89
101976;49;205;1060;13;0,28
101656;62;190;1445;19;0,22
102399;45;218;1638;48;0,81
100851;29;103;5;51;0,95
101688;62;194;1913;20;0,14
102263;46;215;2184;35;0,90
102989;51;208;1611;31;0,83
102221;49;218;629;50;0,86
101240;34;102;148;49;0,95
101267;27;61;147;53;0,77
100596;31;113;149;49;0,86
102622;47;205;2334;58;0,82
102128;47;199;2270;52;0,84
100134;24;93;104;37;0,99
100833;21;76;112;52;0,85
100077;29;102;192;63;0,85
102152;58;230;1924;47;0,88
101902;50;209;2016;15;0,32
102085;48;211;2012;48;0,87
101122;24;122;166;52;0,87
101558;56;315;1601;10;0,33
100022;28;90;73;46;0,88
102632;43;171;1923;48;0,95
102573;55;209;1758;29;0,78
100383;26;68;81;49;0,77
102438;47;222;619;24;0,90
102209;52;250;1929;44;0,87
102537;46;193;1277;23;0,79
102187;52;247;1637;42;0,77
101336;52;227;2527;20;0,43
102240;47;291;1459;19;0,81
100370;35;97;155;46;0,90
102170;51;186;1816;20;0,89
102347;44;219;2193;40;0,81
100890;31;93;95;55;0,76
101955;61;204;2152;18;0,04
100137;30;117;47;52;0,95
102094;57;239;1376;46;0,99
100998;26;70;116;51;0,96
100577;32;59;80;42;0,88
100156;29;107;164;20;0,84
100128;30;98;245;37;0,84
102423;58;156;2089;44;0,87
102171;52;204;873;32;0,82
101735;50;202;3392;14;0,05
100732;28;95;26;36;0,86
100339;27;91;33;51;0,89
100029;30;89;92;76;0,81
100820;26;65;187;36;0,76
101978;62;232;1532;11;0,25
100007;29;91;190;39;0,84
102732;48;270;1061;18;0,80
102524;40;220;1745;40;0,73
102393;54;204;1716;21;0,83
101002;27;68;124;28;0,94
102862;47;171;766;17;0,76
102891;41;227;1604;41;0,92
100794;31;82;121;58;0,88
101026;30;111;83;48;0,85
102435;50;216;1588;43;0,83
100855;29;105;146;48;0,69
102922;55;214;1175;32;0,90
102184;54;202;781;27;0,85
101052;40;53;148;37;0,76
102484;55;167;1872;24;0,88
101860;52;291;1281;20;0,28
100860;31;99;169;48;0,79
102503;50;323;2030;33;0,90
101425;61;236;1718;15;0,27
101004;25;101;98;44;0,83
102295;63;207;1397;37;0,78
102349;43;172;811;40;0,84
101375;52;238;2046;10;0,18
101239;30;66;61;62;0,86
101365;49;231;2343;11;0,18
101951;52;225;380;16;0,27
101761;57;206;2030;19;0,27
100195;36;68;144;41;0,88
102178;54;209;2104;43;0,80
101250;23;118;99;45;0,99
100704;24;91;97;38;0,77
102156;54;235;1672;58;0,84
100866;33;74;101;57;0,91
101418;49;196;2218;7;0,23
100885;28;97;31;54;0,71
101841;60;224;1781;17;0,22
102685;51;241;782;32;0,72
100038;32;69;172;29;0,87
100688;33;100;109;61;0,78
101448;53;226;1414;10;0,08
100882;29;99;51;53;0,85
101445;56;197;1549;13;0,29
100403;21;85;181;32;0,88
102753;52;197;1879;45;0,81
101404;62;202;907;13;0,34
101024;26;135;179;46;0,90
101669;50;180;2319;14;0,23
102458;45;157;1534;36;0,89
100051;25;81;141;60;0,90
100905;31;104;120;53;0,90
100484;31;111;197;41;0,86
102201;47;196;1730;42;0,69
101661;49;278;2179;10;0,20
102404;54;289;1916;44;0,76
100151;31;75;71;51;0,86
101895;59;221;553;19;0,23
100991;27;74;99;61;0,96
100514;33;90;72;43;0,92
100805;29;123;141;59;0,99
102102;58;208;520;34;0,83
101552;56;294;1298;8;0,25
102651;50;297;2858;23;0,89
100565;32;94;66;62;0,75
100903;33;111;69;61;0,86
101859;52;224;3103;19;0,14
101971;48;187;1408;9;0,22
102011;44;177;545;44;0,83
100480;24;106;229;52;0,73
100439;30;107;170;46;0,79
102009;49;184;2136;33;0,90
102596;55;200;1266;43;0,87
101604;59;189;2061;16;0,15
102735;56;188;1272;39;0,76
101279;27;96;146;57;0,84
102734;50;246;1670;42;0,88
100985;30;92;115;8;0,89
100332;36;126;160;29;0,90
100791;24;87;162;54;0,76
101044;27;122;136;64;0,75
102380;51;245;1792;44;0,94
102247;47;228;1103;44;0,84
102204;46;272;253;50;0,86
102847;44;183;2251;34;0,82
101903;52;211;1928;23;0,33
101768;60;243;2286;23;0,19
102590;48;192;1626;46;0,94
101246;29;80;181;45;0,89
102413;52;231;1328;34;0,85
102069;52;213;1026;41;0,90
101488;49;272;2041;10;0,06
101173;30;47;196;49;0,80
102357;55;176;1734;59;0,85
102084;55;231;952;38;0,94
101310;60;233;2565;4;0,21
100560;28;105;49;37;0,92
101992;58;224;2891;10;0,22
102346;41;224;1093;33;0,70
102867;57;215;311;39;0,80
102772;50;247;2596;51;0,66
100804;25;115;96;29;0,89
102123;54;277;879;46;0,88
102277;52;221;828;48;0,99
100171;25;84;187;33;0,88
100701;22;88;147;35;0,91
102709;52;224;790;46;0,91
101091;31;121;38;35;0,83
102340;53;242;420;53;0,89
101490;55;182;2253;16;0,27
100597;28;102;51;39;0,95
101081;26;138;120;56;0,97
100476;28;75;65;59;0,76
101366;56;224;2086;9;0,44
101554;56;176;1308;6;0,33
101130;27;99;122;38;0,82
101745;47;269;2066;16;0,27
100072;33;76;139;36;0,83
101776;53;265;2264;7;0,14
102476;49;177;1483;42;0,75
100864;29;89;140;31;0,81
100795;40;80;24;24;0,87
102331;53;186;1003;27;0,87
101171;31;97;43;45;0,86
101904;51;245;2083;13;0,30
101641;50;161;924;27;0,32
100113;33;98;149;46;0,85
100303;27;69;149;50;0,84
101484;59;303;2448;14;0,31
100933;24;86;105;43;0,87
101257;29;77;118;47;0,89
100591;27;89;149;47;0,77
100848;29;79;40;60;0,79
102694;53;209;1521;45;0,85
102032;45;251;159;44;0,76
101908;49;254;2126;20;0,37
102412;49;258;2674;25;0,79
102253;45;259;1148;36;0,79
102026;45;229;1578;61;0,91
100060;30;122;137;55;0,86
102991;48;200;1357;33;0,85
102345;50;243;791;41;0,84
100455;28;124;199;49;0,84
100682;32;90;155;36;0,87
100658;34;82;172;56;0,98
100398;31;66;156;28;0,99
101100;34;118;146;39;0,90
100157;23;122;151;48;0,86
101184;33;93;153;63;0,85
102809;57;188;1260;36;0,79
100888;28;71;87;43;0,90
101188;24;65;5;45;0,92
100709;21;119;82;52;0,93
100521;26;102;67;40;0,83
102496;53;176;1576;35;0,92
100920;32;74;211;43;0,94
101703;61;230;2099;9;0,21
100830;25;99;146;43;0,88
101652;62;267;2220;10;0,23
100232;33;130;111;43;0,76
101423;59;192;1856;9;0,13
100135;29;99;54;42;0,91
101361;62;231;1933;19;0,31
102145;46;180;1212;39;0,83
102578;34;194;1315;46;0,80
102620;53;221;1804;23;0,80
102617;50;174;2004;15;0,75
102353;51;211;1521;33;0,86
101244;31;61;128;69;0,83
102605;37;199;845;29;0,77
101055;31;104;169;48;0,88
100750;28;112;196;41;0,89
102827;55;238;577;22;0,85
102383;49;234;1722;32;0,80
100299;24;75;41;50;0,90
101744;63;221;1688;18;0,03
100689;31;111;70;14;0,85
100066;21;82;160;55;0,87
102930;44;224;2594;40;0,89
101411;58;198;1569;12;0,20
100197;34;82;102;35;0,82
101069;24;71;25;54;0,92
101021;27;132;194;36;0,85
101529;60;262;2513;19;0,34
102464;59;178;1614;30;0,69
100897;29;85;113;17;0,94
101883;46;207;2585;8;0,20
102806;52;236;1334;29;0,85
101236;24;110;150;54;0,72
102776;53;235;1200;54;0,92
101637;51;161;2591;10;0,25
100824;29;87;124;46;0,94
101160;21;103;97;57;0,92
102378;51;165;1890;43;0,87
102770;52;245;1344;14;0,82
100443;36;123;126;40;0,90
102115;48;145;1080;22;0,80
102885;50;253;2306;33;0,73
100742;30;78;33;49;0,90
101114;31;98;27;82;0,82
102871;56;198;665;30;0,76
100948;27;109;149;47;0,78
102754;52;260;1584;40;0,94
102630;53;223;1809;27;0,73
100932;30;70;167;51;0,86
101205;30;85;70;36;0,96
100001;34;107;142;55;0,83
101861;61;206;1258;12;0,26
101966;54;199;1867;14;0,23
101218;34;76;64;28;0,92
101308;57;271;1803;14;0,27
102195;48;222;671;40;0,69
100408;27;101;96;44;0,85
102122;52;212;1092;33;0,79
101571;56;161;1471;11;0,24
100582;34;51;88;57;0,85
101193;26;102;81;61;0,83
100049;31;82;22;70;0,87
101012;22;93;62;59;0,84
100498;25;105;54;52;0,86
100728;28;55;152;39;0,95
100045;32;47;114;27;0,99
100451;29;57;54;37;0,94
102078;49;288;1694;60;0,85
100326;25;83;173;27;0,88
102092;43;269;1882;35;0,78
100895;21;101;151;39;0,90
101064;42;86;126;39;0,77
102803;43;217;1451;39;0,81
102020;57;190;2122;44;0,85
101962;46;199;1960;13;0,30
100028;23;97;95;32;0,84
102886;51;212;1323;34;0,99
101791;53;265;1909;19;0,19
100410;29;62;165;60;0,81
100125;27;90;69;42;0,77
102958;49;197;1478;44;0,81
100255;24;86;103;57;0,93
100142;27;102;269;28;0,85
102309;51;225;2014;46;0,95
101718;55;223;2567;13;0,24
102267;57;216;1904;23;0,93
101651;48;211;1601;18;0,20
102914;57;188;2262;36;0,82
102652;48;247;1217;36;0,87
101640;48;277;2561;8;0,24
101595;51;254;1404;10;0,37
100272;21;115;111;36;0,83
100868;30;113;160;60;0,89
100105;30;119;84;78;0,96
100371;28;107;48;49;0,83
102307;47;187;1307;21;0,92
100891;28;79;202;48;0,93
101408;56;186;833;8;0,25
102188;56;188;1732;46;0,91
100391;24;61;83;31;0,76
101770;60;203;2059;14;0,19
102473;47;210;1450;36;0,88
101321;56;264;1568;11;0,32
101099;28;97;163;46;0,88
102851;51;206;1625;29;0,87
101513;55;274;1730;18;0,29
100116;28;138;71;39;0,82
101390;55;146;2356;8;0,09
100472;29;78;50;72;0,84
102944;51;200;1830;40;0,93
100194;27;81;232;42;0,94
101825;46;211;1766;15;0,34
102562;45;242;2492;49;0,79
100115;28;91;128;62;0,89
102890;53;217;817;22;0,87
102607;54;194;1668;45;0,85
101224;32;36;29;37;0,78
102326;47;186;509;27;0,81
100264;29;91;82;27;0,94
101563;59;162;1787;12;0,06
100216;21;106;90;65;0,98
101162;25;79;96;22;0,80
100628;29;88;120;63;0,73
101170;31;60;54;42;0,96
100837;26;129;169;42;0,86
100076;30;122;54;53;0,82
100430;22;84;114;52;0,80
101918;56;250;2055;15;0,25
100747;27;87;129;39;0,86
102462;54;216;963;33;0,81
100662;28;77;16;49;0,78
100203;26;91;97;64;0,96
101137;25;98;137;34;0,87
101760;47;223;2337;17;0,16
100980;29;72;149;37;0,93
101131;35;82;138;24;0,80
102916;57;238;5;33;0,93
102207;44;188;1644;46;0,90
102666;49;153;873;38;0,75
100186;22;84;75;33;0,82
101128;25;74;14;45;0,83
102292;53;205;1623;51;0,85
101410;58;233;852;17;0,22
100032;26;87;128;36;0,91
101911;57;183;2536;17;0,37
102112;51;168;1036;36;0,87
101969;54;199;1564;7;0,24
101624;60;219;1863;13;0,27
102312;48;265;397;31;0,93
102629;50;243;2172;26;0,84
101838;50;193;1264;13;0,27
101813;49;228;1242;9;0,14
101153;26;111;123;55;0,94
100943;23;88;19;33;0,85
101676;52;205;2240;7;0,32
101498;55;217;1656;20;0,34
101524;50;264;1193;6;0,11
102173;57;251;803;27;0,85
100347;31;81;120;41;0,90
100793;31;101;69;54;0,81
102796;48;233;968;42;0,83
101102;23;119;184;49;0,85
102636;56;201;1994;27;0,95
102545;51;212;915;33;0,78
102311;51;237;1139;31;0,90
101409;53;232;2229;1;0,15
102366;52;164;1050;38;0,87
102665;52;263;1529;48;0,99
102093;51;238;511;27;0,79
102716;52;158;1515;37;0,80
102724;46;169;1814;59;0,85
102061;53;238;1433;42;0,80
102479;48;158;2454;29;0,99
101209;36;104;201;37;0,88
102143;53;273;871;48;0,79
101943;63;158;1097;13;0,23
102675;44;209;1010;45;0,84
100730;29;85;54;45;0,92
102487;48;235;1918;50;0,98
102606;53;254;512;38;0,84
102406;46;198;1809;39;0,90
101814;46;213;1751;8;0,23
102360;59;209;783;28;0,75
102561;40;260;1614;33;0,98
100740;28;52;124;19;0,86
102761;52;190;1077;37;0,86
100485;31;88;119;42;0,96
100619;24;64;89;45;0,94
101626;56;218;908;14;0,31
100551;31;134;78;55;0,88
100873;33;87;92;54;0,94
101208;33;84;134;46;0,84
101815;51;305;1926;20;0,15
101149;31;116;172;34;0,78
100543;23;95;83;45;0,85
102584;46;232;1802;49;0,87
100179;22;104;57;38;0,89
101898;58;225;1474;13;0,29
102000;61;316;1314;12;0,14
102028;55;239;2603;33;0,81
100581;21;70;200;64;0,90
102663;51;214;1768;47;0,89
100473;34;135;121;49;0,68
101304;54;294;1209;2;0,26
102517;50;196;2440;31;0,85
100706;21;96;100;48;0,91
100502;28;151;77;61;0,83
101940;52;264;1887;20;0,34
101840;59;139;2234;14;0,23
100914;27;107;115;43;0,85
102565;55;195;1466;37;0,86
101811;54;210;2127;15;0,29
100269;29;77;184;31;0,88
102421;47;188;1799;39;0,79
100026;29;97;99;25;0,97
101241;22;106;124;52;0,90
101356;58;248;1414;12;0,15
100333;24;104;55;33;0,89
102270;43;169;2419;34;0,83
100584;28;70;182;30;0,82
101889;56;202;2360;13;0,04
100271;31;69;79;45;0,88
101899;47;233;986;13;0,26
101414;54;230;1574;20;0,18
102949;45;216;1283;24;0,84
101133;21;89;46;24;0,85
102853;46;250;1288;47;0,80
100048;27;110;129;31;0,84
102682;46;223;2051;42;0,81
101928;52;251;2049;13;0,19
100968;24;126;129;10;0,77
102296;50;183;768;43;0,86
101384;53;262;1426;12;0,23
100400;29;100;11;41;0,80
100921;29;96;147;80;0,81
101219;34;99;43;48;0,97
100687;32;109;87;41;0,87
100633;21;50;19;60;0,91
101618;52;251;2157;10;0,20
102194;49;211;1526;38;0,77
100162;30;116;199;48;0,97
101754;51;312;2809;6;0,24
102118;44;140;557;24;0,99
102445;46;242;1341;18;0,95
101870;54;202;1613;13;0,22
102621;51;209;1087;39;0,69
102065;58;197;1457;23;0,96
102350;48;216;846;55;0,82
101522;53;292;2623;16;0,35
101460;56;192;891;4;0,21
101977;62;195;2130;5;0,31
100193;37;110;106;45;0,81
101620;45;283;2176;18;0,27
102967;38;139;1764;42;0,88
101210;37;127;178;50;0,71
100235;26;102;113;40;0,88
102186;46;264;1560;31;0,82
102141;44;206;667;45;0,84
101309;60;186;1539;16;0,19
102465;50;272;981;39;0,71
102425;48;207;1484;40;0,82
102151;51;169;2017;32;0,87
101461;55;225;1128;19;0,27
100386;27;106;128;31;0,88
101779;59;226;1483;14;0,11
101083;27;65;233;24;0,97
100385;37;86;259;43;0,83
100686;34;99;112;60;0,86
102523;53;197;1303;39;0,77
102081;50;269;1399;56;0,88
102210;45;295;598;37;0,92
102142;49;224;1616;51;0,74
102251;44;263;1230;43;0,85
100210;30;111;72;32;0,95
101079;22;97;73;51;0,91
100148;22;85;186;49;0,81
102647;53;160;921;58;0,97
102583;42;215;992;47;0,85
100160;24;89;181;39;0,93
101590;54;244;1822;7;0,26
102767;54;202;951;23;0,87
100981;32;96;188;58;0,87
100054;21;144;139;32;0,89
101936;45;310;1947;18;0,18
102814;47;253;1615;36;0,89
100144;36;111;91;54;0,78
102512;43;223;2062;61;0,99
102416;53;222;615;44;0,97
101950;61;254;1757;11;0,32
100456;28;113;87;34;0,92
102994;47;240;1330;32;0,86
101288;31;85;108;40;0,77
102966;41;217;1333;54;0,85
102481;42;224;499;28;0,79
102661;52;224;1454;32;0,80
102442;46;219;2006;25;0,96
101424;56;282;1995;7;0,28
102874;44;244;1147;39;0,91
102615;47;180;1188;36;0,77
100300;22;113;90;44;0,99
100230;24;81;133;59;0,81
100739;30;105;248;37;0,82
102664;48;214;1154;53;0,85
102619;60;256;1378;43;0,77
102833;54;245;544;55;0,82
100564;22;84;165;59;0,92
102433;49;260;1493;36;0,89
100236;33;72;155;24;0,90
100640;25;91;134;51;0,87
100149;31;105;121;57;0,73
100618;26;94;177;51;0,88
102245;42;140;2164;22;0,82
100734;29;106;122;39;0,89
102954;52;238;1690;36;0,86
101586;49;217;1315;15;0,26
100751;34;105;146;42;0,77
101592;49;228;1627;13;0,25
102946;55;170;1222;17;0,79
100016;30;92;91;61;0,82
101090;28;57;101;55;0,81
102211;57;154;1623;31;0,92
101941;54;285;2493;12;0,15
101293;35;94;113;50;0,80
101938;57;274;1334;11;0,17
102879;43;258;1546;50;0,80
101958;53;256;2361;19;0,19
100481;26;91;83;38;0,84
102165;53;141;2489;31;0,90
100766;28;82;188;26;0,96
102281;50;245;1601;23;0,80
100225;33;90;148;26;0,99
100685;30;77;146;55;0,90
101248;33;106;215;54;0,95
100912;24;84;87;34;0,99
102549;49;230;1397;43;0,81
101597;54;247;1955;18;0,36
100691;28;70;125;38;0,89
102223;53;234;1910;31;0,90
100341;28;72;155;62;0,76
102432;55;255;1841;35;0,85
102616;47;216;1825;39;0,81
100130;21;56;200;20;0,82
102534;50;262;1638;27;0,81
100533;24;131;172;47;0,88
100834;33;140;65;38;0,88
100542;29;72;148;65;0,73
101712;55;254;1404;13;0,14
100083;27;88;119;41;0,99
101631;57;203;2423;10;0,20
102807;40;233;389;32;0,77
101742;55;254;2448;12;0,05
101199;21;71;65;27;0,94
100829;28;108;62;49;0,85
100415;29;94;141;52;0,82
100613;26;70;315;57;0,99
101179;31;93;145;50;0,86
102764;48;259;1287;47;0,78
101986;54;331;1407;20;0,42
100329;27;86;171;35;0,86
102042;51;256;986;31;0,71
102199;49;135;1878;22;0,80
100094;27;97;166;40;0,83
101474;61;271;1829;16;0,14
101082;36;87;20;45;0,87
102707;45;265;794;29;0,89
100899;32;101;33;21;0,81
102594;56;247;1450;35;0,80
101566;46;186;2568;17;0,15
100320;30;113;173;25;0,92
100282;26;143;200;47;0,75
101723;47;185;2638;20;0,30
101197;34;96;153;57;0,91
102719;50;218;1601;41;0,80
100700;28;93;103;73;0,80
101544;53;239;1901;19;0,11
100774;31;122;119;53;0,91
101259;29;98;81;24;0,98
100204;24;116;129;39;0,94
102626;45;203;1513;47;0,83
102498;50;239;1045;22;0,85
101203;31;65;207;27;0,75
102379;45;210;969;52;0,76
101397;50;158;2852;8;0,09
100840;29;77;136;46;0,80
102323;49;207;997;39;0,90
100131;34;116;122;40;0,89
100166;28;116;76;59;0,94
100798;30;117;68;33;0,81
101211;28;84;15;62;0,85
102047;57;229;625;47;0,91
102502;59;225;1756;54;0,85
101675;52;196;2218;15;0,17
101617;55;234;2037;23;0,23
100215;21;141;71;58;0,92
100607;26;86;136;71;0,91
100021;28;80;142;45;0,83
102506;51;184;1588;22;0,93
102625;49;206;1589;59;0,85
102401;48;179;1372;25;0,83
101284;32;94;120;45;0,91
100656;21;103;126;20;0,84
101839;55;174;1700;18;0,30
102500;58;312;1190;26;0,82
100399;29;119;130;33;0,89
100181;23;82;91;45;0,84
101881;57;230;1527;11;0,12
100756;37;103;118;25;0,87
102439;49;236;1488;35;0,84
101606;46;187;1438;15;0,18
101886;52;166;2456;17;0,28
101470;61;246;1370;15;0,23
102053;46;225;2105;32;0,84
100978;24;98;107;56;0,99
100243;24;95;106;37;0,88
101264;31;107;340;62;0,82
100040;29;94;139;40;0,83
101013;28;80;60;37;0,82
101725;59;261;129;22;0,24
100927;30;90;118;44;0,79
102363;46;275;1450;36;0,82
102248;52;213;1336;29;0,83
101180;30;107;110;31;0,85
100771;29;99;118;46;0,95
101316;66;218;2953;13;0,36
101148;23;115;46;57;0,90
102974;48;170;1663;9;0,86
100540;25;111;100;37;0,76
102548;45;190;1331;40;0,92
100100;28;104;101;34;0,84
102269;46;224;2308;36;0,83
101997;54;213;2238;9;0,26
100828;30;102;220;29;0,80
100382;32;78;114;58;0,82
102913;41;209;2168;36;0,65
101736;54;215;851;10;0,02
101946;56;294;2049;17;0,22
100295;27;76;81;52;0,87
100196;24;78;66;35;0,82
100775;36;78;81;21;0,80
101611;43;237;2254;12;0,26
100304;36;89;94;59;0,75
101450;59;280;3193;12;0,13
100191;30;84;85;59;0,94
101272;26;86;171;43;0,90
100175;35;67;86;46;0,93
102687;42;277;999;37;0,76
100120;26;115;146;49;0,85
100139;22;120;49;60;0,91
101526;55;240;2325;23;0,34
102183;43;324;1018;33;0,83
102822;47;236;1640;31;0,94
101673;55;207;2781;15;0,23
101235;24;109;196;55;0,88
100573;26;106;189;35;0,74
101927;55;147;2102;9;0,25
102550;47;222;1619;48;0,86
101254;29;63;98;46;0,85
100384;21;83;133;37;0,73
100971;31;81;114;45;0,78
100132;30;75;197;42;0,84
102475;51;193;2228;40;0,75
102646;51;248;1824;45;0,91
100381;26;114;30;42;0,75
101894;52;142;2175;10;0,09
100532;36;93;186;60;0,96
100240;32;106;94;60;0,81
101667;56;237;2471;12;0,15
100583;28;131;104;39;0,85
100298;30;75;143;51;0,89
101220;29;98;150;43;0,81
100098;22;73;134;32;0,86
100889;30;105;131;42;0,94
100807;28;77;66;38;0,99
100785;25;127;148;58;0,86
100624;34;68;192;58;0,79
100884;25;53;75;56;0,79
100373;21;70;96;43;0,95
102017;46;220;1473;32;0,85
100266;31;91;167;56;0,83
102288;61;178;1124;39;0,83
102365;51;242;1256;45;0,90
100967;29;94;68;37;0,89
101047;25;100;124;61;0,99
102106;50;257;795;43;0,80
100643;26;61;127;45;0,88
102148;43;242;1499;30;0,85
100526;24;131;35;38;0,99
101775;50;234;2535;16;0,29
101650;50;173;1946;10;0,19
101539;53;249;2136;13;0,32
100814;26;85;150;47;0,92
100724;24;87;168;35;0,82
100600;21;92;219;65;0,85
100368;23;81;125;42;0,88
101572;53;280;1183;9;0,33
100467;24;103;122;37;0,87
102166;54;179;1330;39;0,80
102900;42;222;691;58;0,73
102566;56;236;2194;18;0,87
102408;43;234;1182;45;0,74
101565;53;189;2501;12;0,19
101627;58;277;1394;6;0,22
100544;29;77;134;68;0,81
102844;52;200;1365;45;0,82
102940;42;252;1150;29;0,84
101136;41;95;134;19;0,74
101195;31;101;121;47;0,99
100714;39;77;5;58;0,87
102976;51;220;1699;33;0,80
102559;41;238;1377;24;0,78
100087;27;113;5;50;0,90
100594;23;58;170;21;0,76
101689;54;163;1679;11;0,29
100241;35;111;132;59;0,99
100950;34;95;95;22;0,85
102901;49;239;600;43;0,86
101088;28;114;81;30;0,84
101442;46;248;1365;11;0,18
100839;28;86;260;46;0,92
101785;60;226;2793;8;0,20
102717;48;230;1744;30;0,87
102817;49;189;587;17;0,90
102386;55;234;944;36;0,78
102181;54;289;1885;35;0,77
100479;27;99;207;29;0,95
100293;30;101;102;25;0,82
101853;55;288;1408;12;0,42
102089;48;128;1241;25;0,75
100419;32;106;134;65;0,91
102911;55;191;1768;35;0,84
100954;28;100;119;47;0,82
102644;40;272;1734;46;0,79
101340;49;202;2048;10;0,19
100242;22;82;110;53;0,85
102843;47;228;2652;42;0,75
100781;26;129;155;41;0,92
101644;50;232;396;12;0,30
102044;53;246;1683;30;0,83
100826;35;128;196;53;0,80
100692;25;81;78;50;0,84
100898;36;92;84;56;0,85
101659;52;220;1119;16;0,15
102962;48;207;1795;32;0,85
102417;49;209;184;59;0,89
101089;26;83;81;48;0,71
101734;48;246;2146;11;0,24
100806;23;92;53;50;0,87
100657;27;125;47;49;0,84
100167;28;47;115;52;0,89
102175;48;272;1497;38;0,93
100887;25;95;197;40;0,84
100491;27;68;206;33;0,89
102538;47;204;1215;32;0,90
101573;47;285;1218;6;0,19
101580;66;233;2258;14;0,30
100358;27;110;205;61;0,99
100328;34;108;140;41;0,93
102598;56;217;1288;45;0,79
100513;32;96;46;33;0,89
100621;23;90;145;50;0,83
101242;29;73;222;55;0,83
100294;31;94;118;50;0,99
100354;29;73;101;56;0,82
100285;31;85;115;49;0,87
100015;27;98;205;34;0,81
101003;29;67;125;41;0,87
100694;27;77;138;21;0,80
100366;28;86;196;50;0,80
100050;26;79;162;62;0,93
100520;25;116;103;62;0,84
102722;45;218;1508;51;0,93
101216;24;98;108;47;0,78
101716;55;238;1567;11;0,26
101648;43;211;1870;3;0,21
102367;45;245;1837;27;0,96
100006;29;73;5;59;0,81
100462;28;92;81;52;0,84
101120;36;110;160;50;0,70
102103;49;279;1343;35;0,85
101196;24;95;105;43;0,83
102348;49;197;1805;50;0,86
102086;48;223;1300;48;0,80
101427;50;204;1935;12;0,09
100699;26;66;74;45;0,84
102969;47;318;1677;35;0,79
100634;30;74;149;35;0,90
102450;49;208;1492;40;0,86
100217;28;109;65;73;0,87
102628;37;248;2116;36;0,90
101101;29;95;222;51;0,78
101576;55;265;2019;12;0,19
101036;34;92;137;25;0,86
100343;26;90;154;31;0,96
101492;51;310;2778;16;0,05
100488;25;100;54;38;0,76
102863;50;276;1073;39;0,75
101920;44;288;2124;17;0,26
101465;49;262;1480;11;0,32
101473;57;190;1743;9;0,19
100568;33;94;88;52;0,96
102358;57;193;970;32;0,81
101882;63;220;1678;18;0,22
101420;57;244;1257;16;0,17
101658;49;235;1348;14;0,24
101518;52;241;2732;20;0,22
100413;31;93;64;62;0,87
102880;62;226;1344;33;0,85
100652;31;95;99;55;0,89
100877;25;122;5;69;0,86
100205;24;78;31;42;0,84
101167;32;104;122;59;0,96
100003;23;136;136;66;0,89
101532;53;159;1950;12;0,09
101523;57;289;1866;11;0,20
100590;32;94;49;41;0,80
101777;46;139;2319;8;0,36
102623;50;133;1003;58;0,79
102231;50;239;2122;28;0,88
102134;45;180;1168;44;0,94
102135;42;210;2433;36;0,77
100364;31;74;16;39;0,86
102108;45;253;1856;33;0,88
101893;59;297;2215;13;0,10
101022;33;92;99;29;0,78
101028;27;110;175;60;0,89
100755;29;124;159;41;0,90
101747;53;313;1225;20;0,25
101251;26;78;169;24;0,89
102894;49;163;1082;61;0,85
100340;25;95;83;45;0,95
100493;30;74;107;63;0,77
102238;53;237;2225;47;0,91
101301;50;223;1903;12;0,27
100208;31;92;20;60;0,79
102655;53;251;1119;60;0,86
102674;41;233;1522;32;0,88
102284;48;195;735;45;0,89
102037;48;278;1283;27;0,82
101984;49;268;1646;13;0,57
100579;29;83;77;36;0,80
100059;22;123;105;46;0,90
101406;55;176;2355;12;0,27
101027;26;124;60;51;0,90
100155;26;104;205;43;0,95
100164;24;79;169;47;0,97
102997;52;248;1962;32;0,72
102485;50;253;1657;33;0,92
100261;30;57;82;49;0,84
100078;36;113;108;40;0,81
100153;34;100;105;35;0,80
100614;34;98;114;41;0,82
101975;44;154;2100;20;0,19
102494;45;257;1987;28;0,97
101315;49;270;2016;6;0,31
101360;47;224;2465;12;0,27
101798;43;185;976;9;0,09
101757;47;279;2337;7;0,25
100119;24;54;181;37;0,93
100106;29;121;156;34;0,74
100219;28;81;257;47;0,91
100936;25;108;120;46;0,89
101709;55;177;1768;13;0,29
101535;62;251;1757;16;0,36
101616;46;193;1008;18;0,33
100726;24;82;199;43;0,72
100338;28;119;104;50;0,83
101071;34;101;140;48;0,99
101549;52;270;1673;8;0,21
102244;46;261;1569;59;0,94
102110;55;156;1436;34;0,75
101291;31;74;169;56;0,88
100452;25;87;79;39;0,81
102090;46;167;1873;60;0,80
102073;43;247;1682;53;0,95
102544;47;211;1552;47;0,83
100644;25;73;124;52;0,83
102055;45;225;902;52;0,89
101191;25;94;73;51;0,84
101238;27;80;84;20;0,74
102302;49;197;1380;45;0,90
101189;22;97;72;69;0,94
101266;29;95;54;55;0,80
102720;43;239;1827;42;0,73
100404;23;83;198;37;0,80
102918;54;198;1376;24;0,85
101885;49;221;2002;6;0,16
101846;59;199;1682;18;0,27
102040;49;210;1524;48;0,81
102540;53;219;1447;43;0,84
101037;32;129;221;48;0,86
101750;54;201;905;12;0,40
102939;51;197;2275;17;0,90
102840;51;160;1625;46;0,82
101677;54;213;2153;24;0,29
101449;52;206;2432;11;0,21
100475;21;97;34;30;0,88
100422;29;94;40;41;0,89
100536;28;100;191;45;0,82
101086;30;90;168;65;0,82
102597;49;188;1531;37;0,83
102298;53;260;2985;47;0,84
102746;59;216;1201;41;0,74
100274;23;98;88;63;0,86
102873;51;215;1110;33;0,92
101056;25;55;70;31;0,74
101786;56;239;737;9;0,21
102250;43;184;2318;29;0,78
101541;54;207;2194;18;0,21
102376;46;194;1356;54;0,94
102010;52;245;1288;40;0,88
100519;29;79;157;47;0,88
101339;54;233;1690;15;0,22
100251;28;46;135;56;0,70
102132;50;211;534;44;0,83
102057;47;157;543;42;0,78
101058;22;85;63;49;0,84
101255;31;85;230;56;0,95
100278;24;108;213;39;0,94
101796;55;236;2767;10;0,33
101836;54;242;2023;26;0,20
101119;29;92;85;56;0,79
101837;59;127;1442;19;0,18
101993;51;198;2343;21;0,22
100865;34;97;118;31;0,92
101430;46;166;1684;22;0,47
100283;28;66;83;48;0,87
101031;28;69;163;26;0,76
100593;28;112;176;24;0,88
100767;24;131;169;38;0,94
100065;29;82;119;30;0,93
101769;61;226;1311;11;0,27
101722;44;259;2479;19;0,19
101227;36;82;57;58;0,99
102474;47;215;1597;30;0,92
101562;44;213;2669;14;0,36
101328;56;198;1202;7;0,22
101135;32;99;75;70;0,83
101807;45;223;2403;9;0,33
101297;29;96;45;28;0,88
101325;46;302;1849;11;0,16
102917;45;144;1363;30;0,87
100176;28;99;61;69;0,99
101774;60;232;1541;19;0,31
100698;28;107;154;44;0,99
101812;44;232;813;11;0,21
101507;46;208;2072;9;0,29
100031;22;68;36;51;0,98
102414;61;177;1011;33;0,90
102925;63;166;1346;16;0,75
101268;27;126;184;70;0,84
100522;34;112;66;50;0,76
102700;43;254;986;35;0,94
102999;48;189;1584;35;0,90
100846;39;85;94;36;0,83
102529;53;240;1802;32;0,73
102986;54;213;2305;48;0,85
102080;55;150;819;34;0,84
101040;28;101;74;42;0,75
100836;22;100;44;40;0,88
100302;23;115;72;45;0,90
102536;49;157;1667;42;0,99
102671;49;180;1268;29;0,77
100247;31;87;21;48;0,83
100044;26;112;128;61;0,90
101873;52;148;1196;8;0,31
100409;32;106;141;54;0,99
101382;54;218;2079;19;0,23
100405;24;115;125;65;0,83
101500;51;219;1688;17;0,26
102518;56;207;1636;25;0,83
100099;28;52;65;55;0,97
101181;28;51;202;35;0,80
102291;49;171;1521;37;0,85
101737;47;243;3080;10;0,26
100165;32;62;107;48;0,86
102308;50;191;962;41;0,77
102356;55;159;1150;27;0,85
100042;29;85;95;46;0,82
102614;52;224;761;52;0,80
100014;34;96;106;46;0,94
102114;49;196;1524;48;0,83
102837;40;262;1346;39;0,83
100638;31;100;5;59;0,71
102985;36;204;1250;51;0,91
102480;56;206;1128;28;0,84
101469;49;183;1974;21;0,21
101053;29;72;123;35;0,90
101917;51;150;2893;17;0,28
102706;46;177;1748;41;0,92
102680;48;244;2298;18;0,89
100478;26;80;166;37;0,99
100763;34;111;126;54;0,90
102174;42;116;761;35;0,86
100306;22;96;155;25;0,83
101983;55;225;1215;20;0,33
102799;56;277;2144;44;0,79
100647;33;118;96;46;0,84
100788;31;77;76;45;0,77
100161;34;87;122;51;0,80
100432;22;57;159;65;0,99
102815;45;215;2154;41;0,81
100389;25;116;149;56;0,96
100244;28;56;156;36;0,86
100463;25;62;5;43;0,91
101006;30;75;192;56;0,76
102043;51;228;712;72;0,83
102641;51;184;362;39;0,86
100374;21;80;82;28;0,78
100103;29;82;142;60;0,80
102415;52;253;1858;40;0,92
102759;55;171;1463;51;0,87
101502;53;247;2404;10;0,33
101435;54;223;865;12;0,33
101892;54;279;3089;15;0,26
101124;23;88;195;43;0,74
102319;46;186;1552;39;0,85
102337;41;225;399;20;0,98
100337;28;94;96;54;0,97
102160;46;194;1565;48;0,71
102516;56;186;1218;34;0,93
101207;30;142;187;66;0,78
100680;30;78;96;33;0,87
100013;30;74;111;37;0,87
101009;30;96;85;58;0,94
102983;47;216;2501;29;0,96
101831;61;274;1608;11;0,21
101014;26;105;137;46;0,91
102400;43;262;909;34;0,86
100918;29;93;98;40;0,76
100823;31;80;110;48;0,95
101808;48;244;2110;11;0,12
100421;23;129;127;40;0,87
102855;41;213;1739;41;0,84
100631;32;119;148;35;0,92
101681;54;229;2663;7;0,16
101428;57;216;2260;15;0,59
100428;31;81;57;52;0,91
100875;29;93;93;55;0,82
101432;57;289;1483;15;0,30
101431;56;225;802;15;0,39
100414;39;120;166;25;0,77
101276;29;112;146;44;0,88
101743;59;263;1955;7;0,13
101065;33;88;118;32;0,82
102932;50;253;1403;37;0,83
100676;21;87;66;42;0,69
101351;55;213;1933;21;0,11
100746;27;87;131;58;0,88
101672;55;259;2574;15;0,38
102852;53;241;970;37;0,78
100286;24;149;5;38;0,84
100547;31;118;119;46;0,92
102072;42;306;1336;22;0,86
102344;56;269;730;29;0,90
102556;54;250;907;23;0,70
101517;63;300;2152;7;0,23
102525;50;246;1445;22;0,83
102190;48;222;1155;44;0,78
101258;33;95;88;53;0,99
102505;44;233;709;46;0,83
100537;31;108;87;52;0,91
102830;42;278;1661;41;0,80
102679;44;182;1508;45;0,78
101402;57;186;1543;11;0,33
102189;45;236;1420;40;0,72
102306;45;213;290;42;0,89
100707;26;83;182;51;0,87
101225;25;104;172;32;0,87
102535;56;205;1321;24;0,79
100758;23;81;141;36;0,87
102587;51;256;2090;62;0,83
100845;28;88;112;71;0,93
102669;44;279;1905;17;0,77
101693;58;236;1587;21;0,11
102217;50;243;1010;39;0,85
100412;30;96;178;39;0,85
102370;50;233;857;45;0,78
100316;22;111;182;45;0,81
100559;23;105;143;49;0,89
102305;57;262;2475;32;0,77
100863;32;86;24;54;0,90
100675;23;64;43;34;0,89
101062;32;35;148;60;0,84
101952;53;227;2502;18;0,26
100317;30;136;120;57;0,73
102219;54;276;1171;41;0,83
101719;56;257;1910;9;0,25
102139;42;170;1559;27;0,88
100129;27;86;106;7;0,92
100450;28;90;93;35;0,85
101929;52;260;976;30;0,19
100737;33;109;80;53;0,68
102126;40;208;1006;40;0,79
102952;54;214;2516;47;0,79
100018;26;69;214;42;0,73
101639;46;266;2740;21;0,02
102804;39;186;1095;45;0,77
100184;28;103;62;46;0,84
100433;38;101;113;45;0,95
101643;51;144;1536;17;0,25
101629;58;205;1136;15;0,21
101389;55;244;1575;14;0,28
102224;41;208;1370;30;0,97
100233;29;88;5;43;0,84
102394;55;216;1884;47;0,92
101455;59;227;1824;26;0,30
101019;26;95;78;34;0,89
101121;26;124;37;48;0,66
100977;34;97;242;34;0,88
100575;23;82;150;44;0,85
100482;28;121;200;49;0,90
100964;36;97;152;54;0,96
102526;49;168;1184;21;0,97
100768;30;55;111;57;0,93
100990;24;95;126;57;0,95
100958;26;89;194;31;0,81
102811;54;222;2222;29;0,71
100942;33;102;199;70;0,79
102828;43;251;723;27;0,79
102025;51;230;2388;26;0,83
100224;29;100;154;63;0,76
102895;56;251;1176;15;0,84
101543;57;175;2487;6;0,30
101039;32;112;67;31;0,99
101556;51;300;2485;16;0,22
100716;30;62;158;47;0,92
100512;27;112;207;40;0,96
100342;21;65;49;38;0,80
101625;51;298;1386;11;0,31
100335;22;115;47;41;0,87
102039;54;262;1573;37;0,87
100387;28;75;208;48;0,94
102068;46;239;575;49;0,73
100790;29;59;43;42;0,85
101419;55;158;2654;16;0,25
101888;60;205;2909;15;0,42
102008;47;205;2243;32;0,85
101234;28;88;90;43;0,80
100527;27;93;115;49;0,89
100367;26;88;5;37;0,97
101916;54;245;594;19;0,30
100553;29;101;152;51;0,84
100962;26;143;126;57;0,79
102327;47;260;1893;51;0,88
101226;26;83;73;44;0,83
100090;24;75;50;54;0,85
100748;29;126;105;47;0,87
102233;41;245;2068;60;0,80
102176;45;186;1591;39;0,86
100969;26;78;111;16;0,82
101045;28;74;17;44;0,90
100925;30;104;53;36;0,92
100185;31;96;168;44;0,92
102289;50;242;1645;44;0,82
100779;29;93;83;47;0,76
101844;50;244;2097;16;0,32
101982;51;221;2271;19;0,34
102035;46;244;2058;42;0,84
100011;23;112;43;64;0,84
100292;33;119;124;36;0,71
101809;54;311;664;7;0,24
101834;57;205;1873;14;0,26
102034;58;173;1265;44;0,98
102074;51;243;1897;26;0,88
100665;23;72;136;47;0,81
102950;50;194;824;35;0,90
102381;51;178;1658;39;0,83
101080;29;122;149;35;0,87
100043;33;108;107;33;0,77
100639;27;46;37;47;0,83
101385;46;207;1815;17;0,35
101583;67;276;1754;11;0,21
101905;52;235;1185;10;0,25
100312;27;116;168;60;0,89
102234;49;223;542;42;0,82
102272;44;230;1280;49;0,79
102672;44;233;1603;22;0,89
100069;32;88;147;43;0,90
100351;26;102;14;35;0,96
101887;52;230;2229;10;0,15
101924;51;253;2351;13;0,15
100549;30;112;197;59;0,85
101594;48;186;1730;23;0,14
102875;57;261;1071;41;0,84
102751;48;251;1045;53;0,89
101508;52;252;472;16;0,38
101879;61;182;1685;9;0,38
102067;46;175;1338;32;0,77
101274;21;117;124;65;0,98
100800;31;104;130;29;0,81
101451;49;204;2858;17;0,12
101139;24;76;133;33;0,83
100288;35;72;92;69;0,83
101569;57;272;2577;14;0,28
100206;30;113;110;35;0,79
100322;30;75;152;40;0,67
102241;50;160;2297;39;0,84
101015;23;130;6;32;0,92
100147;23;83;110;53;0,85
102192;52;173;1726;52;0,83
101415;66;283;2753;11;0,30
102262;48;224;1069;35;0,86
102313;50;194;1718;27;0,87
101176;34;73;149;34;0,98
101818;59;260;2376;16;0,34
101961;47;287;2435;13;0,15
102712;49;147;694;46;0,79
100200;32;140;230;76;0,74
100027;23;97;5;41;0,81
101261;23;98;190;55;0,85
102898;51;168;780;34;0,83
100874;25;98;105;53;0,90
102041;36;226;1200;49;0,86
102359;46;180;1070;39;0,90
101150;28;107;128;51;0,95
102935;51;153;1665;32;0,71
100506;31;79;197;27;0,85
101354;45;306;1690;15;0,25
102342;50;246;1145;47;0,85
101973;44;259;2194;11;0,32
101564;55;241;1664;17;0,11
102543;42;222;926;16;0,74
100934;29;96;100;54;0,90
102117;43;299;1274;31;0,81
100173;25;102;153;31;0,88
101799;55;213;1641;7;0,23
101067;27;108;119;54;0,99
101262;32;64;220;49;0,77
100218;24;117;70;72;0,87
101666;56;176;2663;21;0,14
101017;23;98;125;29;0,78
101367;54;177;2484;14;0,30
101303;58;215;1248;7;0,19
100192;21;104;122;50;0,76
102486;46;145;1955;50;0,81
100143;25;66;128;58;0,94
101933;49;287;1336;7;0,24
102797;40;233;841;42;0,87
100152;29;92;74;48;0,83
100441;25;137;118;65;0,77
102299;58;236;1584;50;0,78
101405;56;231;2548;9;0,39
100122;27;127;145;43;0,94
101663;59;162;825;21;0,25
100375;27;134;112;46;0,78
100563;32;119;91;38;0,89
101400;56;267;2846;11;0,09
102180;53;186;1247;49;0,93
102906;49;213;1632;45;0,85
100552;27;99;125;47;0,75
101970;52;216;2017;13;0,22
102808;51;196;1434;38;0,88
102029;53;216;1157;34;0,90
101363;55;320;1794;18;0,33
101295;29;93;111;40;0,93
102121;55;192;1369;43;0,88
102191;47;200;594;29;0,86
101059;29;135;187;33;0,82
102677;52;223;732;37;0,87
100743;24;94;43;45;0,85
101032;32;63;199;49;0,99
100924;22;117;93;28;0,92
100023;36;109;92;42;0,93
102736;57;195;1025;39;0,73
102113;46;175;1239;43;0,85
101038;29;87;44;49;0,87
101907;57;145;1709;8;0,18
101678;56;221;1993;10;0,21
101555;37;262;1762;22;0,25
102919;53;249;1794;46;0,76
101795;66;210;2096;13;0,25
100189;24;101;97;32;0,93
101187;26;120;110;65;0,97
101313;53;182;2218;12;0,22
102076;60;219;1760;63;0,82
102419;39;190;2000;32;0,89
102695;57;194;1738;39;0,88
101061;31;135;277;35;0,84
100745;32;90;109;28;0,88
101636;38;248;1918;12;0,29
101417;44;184;2616;19;0,21
100211;29;109;78;61;0,87
100893;31;95;73;53;0,99
101326;50;239;1704;16;0,32
101866;59;293;1649;14;0,32
100753;31;68;190;36;0,84
100799;29;98;76;54;0,85
102182;49;142;1037;39;0,78
101700;49;228;1740;18;0,12
102521;33;201;265;40;0,83
101466;50;163;2935;22;0,32
100821;25;84;180;28;0,88
102136;55;247;1994;45;0,75
101379;51;228;1716;14;0,22
100696;25;90;106;78;0,89
101720;49;258;1904;19;0,19
100138;25;76;146;25;0,77
101222;28;103;79;61;0,98
102569;51;225;1496;28;0,79
100067;25;127;136;38;0,79
102019;44;219;1515;41;0,86
102225;56;274;1731;44;0,79
100697;21;79;198;23;0,81
101901;54;249;1206;15;0,19
102801;51;135;952;46;0,88
101947;54;258;1636;6;0,23
100712;29;80;73;38;0,78
101270;36;81;113;39;0,82
101985;60;220;1803;7;0,16
102426;60;208;1726;23;0,92
101348;52;276;1413;15;0,14
101401;47;273;2308;3;0,29
101972;52;255;1772;10;0,16
101726;54;197;2250;5;0,20
100305;21;96;96;45;0,85
101900;64;219;1744;16;0,19
102893;51;236;789;49;0,89
102878;47;231;1205;37;0,81
101567;53;221;3006;3;0,25
100086;24;83;62;52;0,94
101671;51;166;2924;20;0,22
102996;50;224;1571;34;0,79
101422;52;145;2747;21;0,34
102282;52;251;1890;30;0,80
102800;40;206;804;38;0,81
100477;27;86;129;47;0,99
102334;42;178;1565;38;0,69
100088;26;113;110;47;0,83
101519;52;234;1725;11;0,16
101827;49;239;2239;9;0,36
100220;24;107;99;48;0,88
100953;31;78;143;49;0,80
102613;45;269;1847;40;0,78
102477;58;259;1821;33;0,87
101560;53;173;1867;9;0,31
100659;26;75;132;60;0,85
102683;45;179;843;37;0,82
101075;31;107;84;81;0,80
102546;48;216;1667;10;0,86
102095;49;218;1526;43;0,84
100395;32;72;180;35;0,76
100114;36;115;122;55;0,89
100870;32;80;168;64;0,81
102942;49;177;1532;45;0,92
102052;50;203;1168;52;0,93
101600;61;284;1099;13;0,28
101708;59;231;1659;23;0,17
100773;30;121;77;39;0,91
101489;53;275;2006;10;0,42
102107;51;213;1535;34;0,87
100280;23;98;71;42;0,83
102588;56;157;1756;38;0,87
100313;27;109;158;32;0,87
102788;48;199;1033;31;0,78
102836;55;273;2163;27;0,78
102725;53;218;1168;29;0,77
100871;28;89;5;67;0,98
102351;55;227;2116;36;0,82
102723;56;199;1495;46;0,86
102965;50;191;395;38;0,78
101876;58;178;2337;15;0,31
100859;29;103;97;54;0,82
100101;24;102;214;43;0,76
101545;52;248;1530;11;0,13
101386;51;209;1810;17;0,27
101337;51;223;1876;8;0,31
102659;50;207;1869;42;0,99
101915;53;221;1313;10;0,30
100601;30;99;132;55;0,91
100190;28;106;133;19;0,98
100459;26;99;70;41;0,81
101023;37;109;149;46;0,85
100762;32;74;163;37;0,82
100984;21;112;231;51;0,85
101821;50;226;1017;14;0,04
101300;28;102;181;31;0,99
102177;50;241;1129;39;0,91
100677;27;86;151;39;0,81
100626;28;98;173;61;0,72
102316;49;218;1628;39;0,80
101553;52;264;2698;11;0,35
100209;32;106;90;45;0,89
102576;51;265;1931;22;0,89
100637;32;90;71;48;0,83
100947;29;99;54;38;0,95
101233;34;136;126;51;0,96
102921;54;184;1411;60;0,77
100470;26;97;136;50;0,94
102684;54;201;1104;24;0,94
101073;33;117;199;68;0,87
101877;60;172;1642;19;0,31
101755;48;224;1974;20;0,31
100578;35;66;9;38;0,80
101849;56;211;1728;10;0,33
101598;54;200;579;15;0,22
100406;23;83;122;19;0,86
101732;40;202;1675;16;0,31
100636;25;108;115;52;0,82
101980;46;198;1674;14;0,22
102280;52;256;1775;23;0,86
101654;60;225;1110;16;0,29
102929;50;226;1742;34;0,93
101574;53;344;2134;14;0,39
102230;52;302;1338;27;0,73
102841;51;168;1705;24;0,89
100642;32;72;125;59;0,86
100941;24;66;171;32;0,84
102489;46;235;1614;41;0,78
101049;27;89;66;67;0,76
100453;32;94;125;49;0,81
101717;62;264;2635;9;0,27
101515;50;225;2836;12;0,25
100253;26;101;21;69;0,90
101299;28;98;157;44;0,85
100913;23;105;163;56;0,71
101504;53;215;3534;23;0,22
102242;59;129;1927;33;0,75
100558;25;89;117;36;0,84
101319;50;209;2880;5;0,30
100602;35;122;127;42;0,84
102317;39;254;2050;39;0,95
102185;50;218;1706;55;0,84
100089;29;102;217;32;0,82
101864;58;211;1418;6;0,24
101686;59;188;2103;19;0,15
102066;54;227;1210;41;0,77
100401;29;83;208;36;0,74
100702;30;81;76;31;0,85
100606;28;107;98;44;0,91
100789;31;75;93;51;0,78
101664;51;234;1951;22;0,20
102673;42;246;1875;36;0,90
100348;25;77;239;46;0,99
100183;28;98;139;62;0,94
100047;24;92;145;38;0,96
101447;55;168;2360;22;0,40
102653;58;176;1359;54;0,93
101341;54;234;3017;4;0,21
102568;52;270;886;55;0,78
101525;62;308;1542;4;0,51
102760;43;162;2279;39;0,89
102846;57;254;1775;26;0,90
101311;59;190;2012;22;0,23
102643;48;216;1793;41;0,75
102834;53;243;1395;44;0,89
102926;50;233;1671;36;0,94
100605;33;96;26;28;0,84
101527;48;248;1909;16;0,11
100966;23;104;9;28;0,88
102222;42;272;1590;36;0,79
101462;58;284;1926;7;0,26
100229;30;129;110;61;0,97
102229;44;183;1445;45;0,83
100496;26;97;70;51;0,82
102789;55;273;1788;28;0,77
102286;45;189;1897;24;0,85
102469;49;319;400;46;0,80
102711;59;203;1317;39;0,86
102332;52;233;763;21;0,76
101794;55;186;1756;16;0,19
100667;32;80;180;68;0,64
101547;56;153;1770;11;0,19
100469;30;76;99;39;0,66
100497;30;65;144;32;0,88
101117;22;79;276;48;0,81
101790;51;296;333;11;0,26
100034;28;100;161;73;0,78
101691;50;129;3241;15;0,34
102624;51;220;1220;52;0,83
102276;52;227;1155;35;0,95
101575;55;272;1325;7;0,12
100427;28;101;105;44;0,89
100797;35;73;130;47;0,96
101999;55;241;2800;9;0,24
101175;24;102;170;60;0,84
102388;49;204;1606;58;0,79
101514;56;271;2321;11;0,25
101501;56;225;2265;18;0,24
102491;49;214;1790;26;0,95
102045;40;242;1004;36;0,64
101398;50;190;2175;15;0,29
101030;28;93;119;61;0,72
100976;28;126;151;30;0,87
102314;50;265;375;15;0,88
100188;31;98;43;45;0,79
101016;36;146;105;37;0,91
100842;26;87;61;45;0,84
102533;50;237;960;57;0,89
102372;56;216;1287;32;0,78
101495;52;260;2028;22;0,09
100849;31;48;68;26;0,79
102658;47;260;1658;39;0,89
102437;41;240;1556;42;0,88
101692;56;201;2231;7;0,24
102693;58;232;1668;30;0,95
102907;41;214;889;45;0,84
101930;56;267;2432;20;0,37
101584;50;266;1601;14;0,31
102793;51;228;414;35;0,83
102012;57;276;1164;34;0,83
101657;56;282;2776;10;0,49
101711;57;232;1304;13;0,29
101804;46;242;1185;7;0,04
100124;30;133;126;65;0,86
102763;50;223;818;43;0,83
100334;26;98;5;48;0,82
102260;60;230;820;41;0,89
102495;51;277;1685;52;0,80
102318;41;236;1115;23;0,90
101376;50;235;2640;16;0,12
100796;34;117;157;48;0,78
101687;55;185;2044;13;0,18
102933;46;205;869;40;0,79
100996;27;84;158;46;0,88
100523;33;88;148;45;0,88
102882;59;184;1023;33;0,80
100957;34;64;210;53;0,89
102554;50;189;618;53;0,73
100515;33;88;198;53;0,96
102457;47;175;1749;30;0,86
101493;59;186;2423;20;0,23
101701;52;226;1522;23;0,17
102850;49;187;1891;50;0,80
102585;52;234;965;22;0,88
102838;50;173;2166;37;0,82
100528;32;92;87;32;0,91
100545;28;120;197;18;0,84
102493;54;202;1754;27;0,79
102050;38;180;1736;33;0,82
101479;48;319;2089;12;0,26
100466;31;100;5;53;0,92
101434;50;252;1569;3;0,31
100784;34;98;168;10;0,74
100876;31;97;40;64;0,81
100426;28;112;163;36;0,85
102140;45;213;750;70;0,85
101823;67;307;1711;11;0,13
102780;52;250;960;57;0,87
101884;52;212;1660;12;0,40
100783;24;109;97;46;0,84
102902;53;201;1978;29;0,83
101996;62;175;1855;20;0,17
100847;21;117;86;48;0,79
100331;27;99;192;44;0,86
101944;58;218;1500;11;0,11
100517;25;85;121;46;0,75
101601;55;257;2043;9;0,15
101095;27;122;140;23;0,83
101275;34;104;204;59;0,74
100318;30;38;127;45;0,95
102778;45;219;1509;34;0,76
100231;39;107;5;16;0,71
101178;28;114;68;48;0,87
100810;28;113;220;47;0,81
101497;48;219;1056;18;0,34
100759;25;75;172;45;0,98
101324;54;228;2281;24;0,38
101613;60;210;1991;19;0,26
101433;53;224;2077;5;0,18
100507;30;88;127;34;0,87
101634;54;224;1757;9;0,30
102802;52;264;1823;24;0,83
101094;24;85;97;53;0,90
102446;49;216;1416;49;0,90
100671;32;79;146;41;0,81
101782;49;192;1478;12;0,32
100159;31;54;240;64;0,74
100369;21;99;5;39;0,89
100635;30;41;148;69;0,96
101446;53;195;1555;14;0,08
102249;55;190;1201;45;0,80
102364;50;243;1713;49;0,69
100202;26;78;97;60;0,87
100557;31;72;129;50;0,88
101591;54;239;1711;6;0,30
100325;27;69;226;29;0,76
101914;60;245;535;5;0,29
100423;33;77;49;54;0,73
102987;49;219;317;49;0,91
100446;29;62;77;27;0,83
102354;59;233;1111;27;0,89
100623;28;65;129;55;0,76
100722;21;101;161;48;0,92
102726;42;249;1234;34;0,77
101372;60;261;2974;17;0,26
101587;47;212;1212;19;0,27
101201;24;125;56;41;0,86
102527;48;240;1208;50;0,81
100221;29;96;173;54;0,86
100760;32;93;148;34;0,81
100736;36;103;85;38;0,94
101096;28;94;115;43;0,70
100782;25;107;67;55;0,95
102858;51;222;1513;48;0,92
102005;51;211;1253;29;0,85
101752;57;259;1574;17;0,13
100922;24;91;96;54;0,91
100525;32;109;103;58;0,85
100872;29;104;181;55;0,95
101252;30;103;173;50;0,91
100928;27;107;88;40;0,85
102972;42;158;1250;38;0,80
102428;48;146;1581;29;0,74
100080;28;95;170;48;0,99
100454;34;98;121;34;0,82
101043;24;109;45;45;0,90
102718;47;253;1665;27;0,78
102424;59;163;5;24;0,74
100214;34;92;35;34;0,83
102639;53;277;566;16;0,81
102938;55;263;1636;35;0,92
102167;51;237;1246;49;0,71
100117;28;90;113;55;0,83
101154;27;82;150;55;0,82
101087;25;128;123;71;0,92
100693;21;112;87;60;0,97
102320;45;252;1775;48;0,86
101763;56;163;1910;14;0,41
101698;50;233;1440;17;0,31
101441;48;255;2255;21;0,20
100729;24;78;76;37;0,84
102698;45;217;2093;39;0,91
100719;31;69;96;36;0,80
101496;54;204;2422;12;0,26
100916;30;68;161;43;0,81
102036;50;230;1573;40;0,72
102062;49;230;1303;37;0,91
101263;32;113;122;42;0,77
100082;26;144;215;31;0,89
102169;53;189;1247;52;0,94
102877;47;188;924;51;0,91
102897;48;233;1022;36;0,83
102592;52;224;1463;21;0,77
101727;56;224;500;8;0,35
100108;25;91;75;44;0,92
101322;48;255;2687;16;0,32
102752;52;159;1498;29;0,81
100858;29;93;212;51;0,86
102257;50;233;1613;35;0,86
101998;52;243;880;11;0,22
102842;53;210;2070;40;0,94
100110;24;104;49;76;0,90
100910;27;75;28;18;0,78
100107;28;59;103;58;0,86
100576;23;57;5;48;0,94
101394;43;246;2189;17;0,24
101683;52;274;1425;27;0,08
102405;53;253;695;47;0,73
101829;51;203;1843;15;0,31
102051;53;172;1056;42;0,92
101699;44;225;1792;20;0,16
101429;59;250;1162;23;0,30
102519;53;229;1328;36;0,89
101912;57;209;3449;10;0,28
100959;29;91;56;21;0,78
101872;46;256;2365;17;0,19
102339;47;217;1322;50;0,61
100880;28;124;115;47;0,92
101967;48;202;2580;9;0,46
102943;46;227;1843;23;0,92
101147;27;90;165;30;0,94
100852;27;81;141;47;0,93
101393;52;172;2899;22;0,20
102729;51;256;1413;40;0,86
102920;49;207;1081;27;0,73
101477;59;225;1083;15;0,29
102612;57;218;1435;38;0,83
101001;25;73;162;32;0,78
101890;54;194;2435;12;0,03
100817;29;78;151;55;0,84
101994;57;191;2238;8;0,10
102645;51;237;1284;31;0,85
100154;34;96;153;48;0,91
102908;47;238;1146;44;0,84
102883;42;202;476;30;0,82
100330;28;87;176;40;0,85
101281;22;86;290;26;0,87
100257;24;99;87;59;0,82
102196;50;179;2423;47;0,93
102611;50;196;857;27;0,81
101104;25;81;124;55;0,90
102216;48;269;943;35;0,74
100754;24;91;45;55;0,87
102610;51;200;5;25;0,78
100411;26;106;88;40;0,88
100289;33;76;102;50;0,86
101221;39;111;130;37;0,86
102236;47;228;2134;34;0,83
102820;61;233;1022;55;0,91
102715;57;250;649;37;0,88
102083;56;201;982;35;0,84
100651;33;96;188;57;0,89
100145;36;121;81;42;0,87
101011;27;60;164;51;0,87
101990;61;201;862;16;0,17
102784;50;238;780;25;0,91
102046;51;196;342;54;0,76
102768;52;226;1489;30;0,78
101721;39;107;2559;17;0,27
102635;55;276;1815;24;0,79
102403;45;222;1400;31;0,90
100603;32;98;100;50;0,94
100464;25;109;40;58;0,79
102513;55;220;1311;42;0,77
100777;24;165;66;58;0,83
101909;47;189;1331;6;0,36
102740;51;250;829;40;0,94
102001;47;193;2245;39;0,85
101476;49;277;1674;17;0,31
102468;54;264;1675;40;0,71
100951;33;96;33;62;0,76
100838;29;55;143;29;0,80
100886;25;102;28;40;0,96
102681;47;166;1583;61;0,81
100857;30;97;184;61;0,93
101314;50;182;2174;20;0,40
100508;29;118;220;34;0,86
102730;52;202;430;29;0,96
101759;43;226;1588;4;0,13
102283;56;208;1936;41;0,74
101957;51;181;2417;14;0,28
102831;49;222;1162;36;0,73
101602;59;238;2184;13;0,29
102287;50;148;1504;14;0,74
102945;44;256;778;4;0,85
100198;27;117;259;36;0,81
100666;28;75;123;53;0,93
100787;25;132;227;56;0,97
102970;52;188;1357;34;0,90
100259;28;111;112;59;0,77
100815;30;112;137;47;0,83
101132;25;101;104;47;0,77
101773;56;172;2136;7;0,21
102699;52;265;808;52;0,71
100869;32;100;62;46;0,87
101486;61;245;2215;9;0,18
102252;40;202;2224;50;0,71
101922;53;194;1003;13;0,17
102744;48;247;1521;34;0,65
102099;44;232;1697;22;0,91
101152;23;112;123;34;0,82
102226;52;237;1013;34;0,89
101963;46;289;968;12;0,09
101596;56;246;2595;7;0,36
100546;29;121;44;73;0,87
101642;53;191;1495;11;0,22
101987;56;194;2781;10;0,35
101503;53;205;735;14;0,22
102268;50;260;1659;51;0,82
102845;53;227;222;31;0,89
102721;54;185;1622;42;0,84
102434;55;235;1436;46;0,94
102467;54;171;1497;39;0,90
100673;27;102;144;58;0,94
102508;54;189;1098;19;0,88
100718;32;81;149;31;0,79
100538;30;102;134;53;0,85
100595;27;66;219;58;0,81
102956;52;242;1262;38;0,90
102775;52;176;1035;13;0,85
102138;47;174;216;34;0,87
101440;53;297;2146;14;0,10
102101;51;230;1306;37;0,81
102430;49;231;1833;41;0,88
100570;24;49;122;59;0,78
100228;23;66;119;47;0,94
102941;55;193;1172;44;0,84
101134;30;101;143;50;0,94
100435;36;83;102;37;0,95
101245;25;105;133;38;0,76
100279;30;94;116;51;0,85
101842;59;258;1883;17;0,27
102689;62;208;1748;41;0,95
100892;31;113;180;22;0,90
101607;52;96;1275;9;0,22
100812;28;149;205;43;0,87
101534;49;183;1961;11;0,24
101826;48;227;1650;19;0,16
100586;25;118;104;56;0,88
102823;52;267;1244;40;0,77
102602;48;230;1117;43;0,82
101000;29;68;101;52;0,72
101835;51;236;2271;18;0,32
101680;54;251;1511;9;0,32
100585;24;78;34;34;0,87
100290;32;100;158;41;0,78
101070;26;101;99;48;0,79
101506;61;204;1877;10;0,24
101285;29;117;196;37;0,82
100158;21;75;114;32;0,94
102254;56;207;1030;29;0,99
102004;46;184;904;27;0,99
101540;51;265;1189;5;0,31
100802;24;66;67;65;0,90
101581;44;266;1195;12;0,28
100646;37;85;125;43;0,87
102601;50;228;972;46;0,87
102444;50;182;1747;29;0,80
101910;49;301;1287;11;0,22
102162;52;246;983;55;0,75
102995;50;248;1109;32;0,84
101113;33;89;25;38;0,79
101880;43;220;2543;23;0,22
102553;44;205;727;42;0,75
101471;55;210;2901;14;0,30
101327;50;277;1350;11;0,27
101599;56;302;2002;13;0,16
100983;35;137;185;56;0,76
101378;63;280;1235;10;0,37
100268;33;73;115;48;0,88
101897;64;236;1624;14;0,42
102990;52;211;1158;39;0,86
100548;28;88;175;51;0,89
102825;51;241;1147;42;0,83
101194;21;119;218;27;0,75
100402;33;88;81;45;0,77
102470;52;205;1557;29;0,79
101731;61;236;2414;19;0,20
100841;25;93;5;27;0,80
102321;47;192;1449;38;0,73
100832;36;102;129;41;0,99
101833;53;237;1311;11;0,20
102854;50;219;98;44;0,87
102202;48;201;976;56;0,87
102060;50;166;1744;46;0,86
102328;42;172;1380;31;0,74
100168;27;90;200;44;0,96
102978;50;224;2155;45;0,91
102934;51;228;487;37;0,94
101857;53;214;2720;6;0,13
102466;55;198;1625;36;0,75
101856;54;208;1676;20;0,26
100510;34;89;261;61;0,85
100995;32;103;264;31;0,97
100035;32;75;118;45;0,82
100020;26;126;218;42;0,79
100445;35;88;107;35;0,75
102293;36;178;2424;22;0,87
100503;28;105;146;21;0,85
102258;58;221;2414;49;0,83
101538;63;202;1732;16;0,29
102070;56;265;1540;37;0,78
101168;27;123;36;39;0,88
101068;27;93;50;46;0,76
101231;26;98;202;37;0,75
100930;27;96;121;34;0,87
101875;58;308;1629;8;0,14
100993;30;117;86;46;0,84
100974;30;95;48;42;0,82
100248;23;105;144;27;0,86
100786;31;84;131;42;0,87
102688;49;212;2386;31;0,73
101797;46;336;1747;12;0,16
101739;53;196;1902;7;0,12
101289;34;102;136;30;0,83
102640;51;267;935;52;0,82
100900;26;89;134;43;0,92
102368;60;227;984;33;0,70
102420;60;205;1689;41;0,95
101724;51;232;1889;10;0,13
101942;46;226;2247;9;0,37
100249;25;119;127;48;0,87
100721;31;77;146;66;0,80
100212;27;66;223;46;0,79
100808;38;86;117;43;0,89
101764;57;283;2008;23;0,25
102713;42;249;1365;33;0,79
102007;49;208;1177;25;0,75
100307;32;89;151;52;0,73
102758;44;208;1705;33;0,82
101437;58;267;2409;8;0,28
100310;34;104;119;47;0,97
101623;56;266;1682;3;0,29
101436;55;195;1852;1;0,37
101793;55;194;3321;20;0,20
100683;27;97;142;39;0,82
102322;55;216;755;39;0,93
102750;55;213;1497;37;0,92
101820;50;328;1756;10;0,10
100388;26;56;99;34;0,87
102564;42;216;1431;55;0,91
101705;53;186;1843;15;0,16
101183;34;64;68;35;0,86
101550;52;175;44;21;0,05
100490;28;110;191;50;0,91
101334;55;188;1732;8;0,35
100973;31;106;139;54;0,84
100904;29;120;120;24;0,88
100360;27;102;166;47;0,99
102864;45;219;1419;44;0,93
102794;54;222;1290;39;0,85
101878;56;195;1809;10;0,07
102015;48;235;1669;43;0,84
100749;28;87;56;44;0,97
102756;46;215;1280;36;0,90
100669;28;108;209;34;0,84
101991;56;295;2299;12;0,42
101387;52;201;1965;21;0,25
101610;52;237;2315;14;0,40
101472;58;156;1523;4;0,13
100792;29;81;181;41;0,88
102927;49;230;1057;23;0,96
102531;59;195;1183;52;0,83
100111;28;92;177;50;0,87
102155;59;189;1344;54;0,70
102031;48;192;1453;34;0,84
101830;56;186;1366;14;0,08
101353;52;201;1582;9;0,30
101143;30;95;41;46;0,84
101342;54;201;3643;11;0,29
100291;26;111;99;50;0,86
102835;54;242;1487;42;0,84
101078;25;59;142;26;0,88
100380;31;72;121;45;0,92
101561;56;271;2218;28;0,20
102702;51;210;1539;49;0,80
102870;43;194;1849;22;0,83
100627;34;107;92;44;0,81
101645;54;178;2320;11;0,22
102742;41;142;1217;33;0,73
100096;27;125;229;48;0,80
101212;31;111;114;55;0,84
100744;25;66;89;48;0,75
101748;48;209;1866;9;0,17
102849;56;216;1260;34;0,84
102431;50;183;1373;26;0,92
102868;48;208;997;43;0,86
102520;58;195;993;39;0,81
100529;31;92;69;31;0,92
100997;24;70;41;33;0,84
102018;49;171;942;37;0,83
102660;55;244;2345;33;0,89
102865;45;161;2394;34;0,80
102510;56;168;1041;37;0,99
100222;27;61;119;47;0,81
100397;31;84;5;41;0,90
101116;28;82;126;46;0,78
100187;29;105;133;61;0,87
100092;32;133;175;51;0,94
102483;44;212;1706;26;0,76
100919;31;70;112;35;0,72
102490;42;252;1665;41;0,93
101278;22;92;206;29;0,86
102826;52;212;1042;44;0,76
102016;53;144;1458;45;0,92
101787;53;235;2111;19;0,24
100425;24;108;152;53;0,97
102856;52;206;1916;29;0,79
101192;33;110;161;47;0,86
101646;51;201;1113;16;0,30
102839;50;257;1364;42;0,72
101772;55;317;3041;17;0,29
101005;24;72;33;63;0,79
101163;25;99;140;62;0,83
101789;61;258;1924;14;0,18
102899;45;190;1595;46;0,86
100287;34;76;115;63;0,88
100010;28;108;32;62;0,84
101107;24;86;21;65;0,83
102384;48;166;722;51;0,93
101935;54;259;1741;13;0,33
101746;61;255;2484;20;0,14
101034;30;68;14;42;0,81
102056;48;193;1228;52;0,84
101142;25;111;142;21;0,81
100539;31;76;114;43;0,91
100604;28;119;130;26;0,84
102973;53;146;1352;40;0,84
101874;43;182;2776;12;0,23
100486;26;78;166;49;0,83
100239;22;68;77;51;0,99
102728;54;260;1440;59;0,97
102771;55;217;1302;23;0,94
101074;27;104;186;45;0,88
102860;53;229;455;43;0,77
101482;50;305;1505;12;0,31
102087;48;255;1473;61;0,84
101783;52;257;2437;22;0,25
101862;49;260;1402;9;0,18
100955;28;98;111;59;0,84
102984;49;256;1003;22;0,82
100505;27;53;210;45;0,82
101974;53;249;2086;8;0,12
101306;52;247;1927;12;0,16
102678;52;245;1218;46;0,84
101106;29;70;97;39;0,81
100494;24;87;83;43;0,84
100661;27;60;167;27;0,94
100616;26;119;150;33;0,95
102832;55;225;1666;41;0,82
100703;29;81;100;43;0,86
101198;25;95;5;57;0,94
100580;37;117;107;59;0,91
101057;27;101;123;27;0,70
102429;53;162;643;39;0,87
102385;43;236;2158;26;0,79
102048;48;177;1198;28;0,81
101801;53;227;2254;21;0,17
100270;29;75;118;47;0,87
102551;57;198;2327;30;0,81
100809;33;88;171;33;0,88
102377;51;208;2530;53;0,75
100500;22;88;186;58;0,84
101891;52;177;2663;23;0,34
100780;30;87;82;42;0,91
100574;28;85;181;44;0,99
101559;40;246;1153;8;0,30
100074;35;82;178;48;0,92
101682;44;170;2163;10;0,31
101533;56;256;2212;11;0,17
102063;45;159;1093;32;0,86
101253;26;58;178;47;0,99
102819;52;231;1696;37;0,88
101383;55;188;1622;8;0,15
101491;55;192;1829;29;0,12
100879;26;130;123;31;0,84
101582;48;183;2691;12;0,18
101020;29;69;229;62;0,83
100883;29;130;128;65;0,81
102310;50;223;625;37;0,92
102859;54;274;1609;28;0,81
101273;31;93;242;45;0,92
101282;32;114;86;47;0,81
102697;55;267;498;34;0,79
101452;53;212;2133;15;0,25
100567;35;127;96;33;0,78
101487;57;260;1519;6;0,15
100064;31;122;40;27;0,93
101800;50;147;857;11;0,23
100561;27;101;63;46;0,80
101412;48;204;1497;19;0,20
102259;52;155;1767;41;0,71
102955;37;246;1777;48;0,91
102153;46;186;1138;32;0,93
101989;58;150;2287;15;0,09
100632;26;105;129;54;0,77
102627;51;236;1451;13;0,75
101603;47;233;2051;12;0,35
101396;46;253;729;25;0,23
102650;50;266;1565;28;0,86
101612;49;163;2363;1;0,23
102091;50;211;1449;52;0,85
100121;30;54;162;37;0,78
100102;26;100;56;30;0,98
102002;38;236;1329;40;0,74
101953;53;283;2019;7;0,34
